SET SQL_MODE = "NO_AUTO_VALUE_ON_ZERO";
SET time_zone = "+00:00";

/*!40101 SET @OLD_CHARACTER_SET_CLIENT=@@CHARACTER_SET_CLIENT */;
/*!40101 SET @OLD_CHARACTER_SET_RESULTS=@@CHARACTER_SET_RESULTS */;
/*!40101 SET @OLD_COLLATION_CONNECTION=@@COLLATION_CONNECTION */;
/*!40101 SET NAMES utf8mb4 */;


DROP TABLE IF EXISTS `addons`;
CREATE TABLE IF NOT EXISTS `addons` (
  `id` int(10) unsigned NOT NULL COMMENT '主键',
  `name` varchar(40) CHARACTER SET utf8 NOT NULL COMMENT '插件名或标识',
  `title` varchar(20) CHARACTER SET utf8 NOT NULL DEFAULT '' COMMENT '中文名',
  `description` text CHARACTER SET utf8 COMMENT '插件描述',
  `status` tinyint(1) NOT NULL DEFAULT '1' COMMENT '状态',
  `config` text CHARACTER SET utf8 COMMENT '配置',
  `author` varchar(40) CHARACTER SET utf8 DEFAULT '' COMMENT '作者',
  `version` varchar(20) CHARACTER SET utf8 DEFAULT '' COMMENT '版本号',
  `ctime` int(10) unsigned NOT NULL DEFAULT '0' COMMENT '安装时间',
  `utime` int(10) NOT NULL DEFAULT '0' COMMENT '更新时间'
) ENGINE=InnoDB AUTO_INCREMENT=5 DEFAULT CHARSET=utf8mb4 COMMENT='插件表';

INSERT INTO `addons` (`id`, `name`, `title`, `description`, `status`, `config`, `author`, `version`, `ctime`, `utime`) VALUES
  (2, 'hecong', '合从在线客服插件', '合从在线客服，申请地址https://aihecong.com/', 1, '{"appid":"","appkey":""}', 'mark', '0.1', 1538029352, 1538029352),
  (3, 'appletmessage', '微信小程序模板消息', '微信小程序模板消息', 1, '{"display":"1","template":{"create_order":{"title":"\\u4e0b\\u5355\\u6210\\u529f","data":[{"title":"\\u6a21\\u677fID","code":"template_id"},{"title":"\\u5546\\u6237\\u540d","code":"seller_name"},{"title":"\\u8ba2\\u5355\\u7f16\\u53f7","code":"order_id"},{"title":"\\u4e0b\\u5355\\u65f6\\u95f4","code":"ctime"},{"title":"\\u8ba2\\u5355\\u72b6\\u6001","code":"status"},{"title":"\\u8ba2\\u5355\\u91d1\\u989d","code":"order_amount"}]},"order_payed":{"title":"\\u652f\\u4ed8\\u6210\\u529f","data":[{"title":"\\u6a21\\u677fID","code":"template_id"},{"title":"\\u5546\\u6237\\u540d","code":"seller_name"},{"title":"\\u8ba2\\u5355\\u7f16\\u53f7","code":"order_id"},{"title":"\\u4e0b\\u5355\\u65f6\\u95f4","code":"ctime"},{"title":"\\u8ba2\\u5355\\u72b6\\u6001","code":"status"},{"title":"\\u8ba2\\u5355\\u91d1\\u989d","code":"order_amount"}]},"delivery_notice":{"title":"\\u8ba2\\u5355\\u53d1\\u8d27","data":[{"title":"\\u6a21\\u677fID","code":"template_id"},{"title":"\\u4f1a\\u5458\\u540d\\u79f0","code":"user_name"},{"title":"\\u8ba2\\u5355\\u7f16\\u53f7","code":"order_id"},{"title":"\\u4e0b\\u5355\\u65f6\\u95f4","code":"ctime"},{"title":"\\u7269\\u6d41\\u516c\\u53f8","code":"logi_name"},{"title":"\\u7269\\u6d41\\u5355\\u53f7","code":"logi_no"},{"title":"\\u6536\\u8d27\\u5730\\u5740","code":"rec_address"},{"title":"\\u5907\\u6ce8","code":"memo"}]},"refund_success":{"title":"\\u8ba2\\u5355\\u9000\\u6b3e","data":[{"title":"\\u6a21\\u677fID","code":"template_id"},{"title":"\\u8ba2\\u5355\\u7f16\\u53f7","code":"order_id"},{"title":"\\u9000\\u6b3e\\u91d1\\u989d","code":"refund_money"},{"title":"\\u9000\\u6b3e\\u65f6\\u95f4","code":"refund_time"},{"title":"\\u9000\\u6b3e\\u539f\\u56e0","code":"refund_reason"},{"title":"\\u9000\\u6b3e\\u72b6\\u6001","code":"refund_status"}]}}}', 'mark', '0.1', 1538029414, 1538029414);

DROP TABLE IF EXISTS `advertisement`;
CREATE TABLE IF NOT EXISTS `advertisement` (
  `id` int(10) unsigned NOT NULL,
  `seller_id` int(10) unsigned DEFAULT '0' COMMENT '店铺id',
  `position_id` int(10) unsigned DEFAULT '0' COMMENT '广告位置id',
  `name` varchar(50) CHARACTER SET utf8mb4 DEFAULT NULL COMMENT '广告名称',
  `img` char(32) CHARACTER SET utf8mb4 DEFAULT NULL COMMENT '广告图片id',
  `val` varchar(255) CHARACTER SET utf8mb4 DEFAULT NULL COMMENT '链接属性值',
  `sort` smallint(5) unsigned DEFAULT '0' COMMENT '从小到大 越小越靠前',
  `ctime` bigint(12) unsigned DEFAULT NULL COMMENT '添加时间',
  `utime` bigint(12) unsigned DEFAULT NULL COMMENT '更新时间',
  `code` varchar(32) CHARACTER SET utf8mb4 COLLATE utf8mb4_unicode_ci DEFAULT NULL COMMENT '广告位置编码',
  `type` tinyint(3) unsigned DEFAULT NULL COMMENT '类型  1url  2商品  3文章'
) ENGINE=InnoDB DEFAULT CHARSET=utf8 COMMENT='广告表';

DROP TABLE IF EXISTS `advert_position`;
CREATE TABLE IF NOT EXISTS `advert_position` (
  `id` int(11) unsigned NOT NULL,
  `name` varchar(120) CHARACTER SET utf8mb4 COLLATE utf8mb4_unicode_ci DEFAULT NULL COMMENT '幻灯片名称',
  `code` varchar(32) CHARACTER SET utf8mb4 COLLATE utf8mb4_unicode_ci DEFAULT NULL COMMENT '广告位置编码',
  `ctime` bigint(12) unsigned DEFAULT NULL COMMENT '添加时间',
  `utime` bigint(12) unsigned DEFAULT NULL COMMENT '更新时间',
  `state` tinyint(1) unsigned DEFAULT '1' COMMENT '1 启用  2禁用',
  `sort` tinyint(3) unsigned DEFAULT '0' COMMENT '排序'
) ENGINE=InnoDB DEFAULT CHARSET=utf8 COLLATE=utf8_unicode_ci COMMENT='广告位置表';

DROP TABLE IF EXISTS `area`;
CREATE TABLE IF NOT EXISTS `area` (
  `id` int(10) unsigned NOT NULL DEFAULT '0' COMMENT '地区ID',
  `parent_id` int(10) unsigned DEFAULT '0' COMMENT '父级ID',
  `depth` tinyint(1) unsigned DEFAULT '0' COMMENT '地区深度',
  `name` varchar(50) DEFAULT NULL COMMENT '地区名称',
  `postal_code` int(7) unsigned NOT NULL,
  `sort` int(10) NOT NULL DEFAULT '100' COMMENT '地区排序'
) ENGINE=InnoDB DEFAULT CHARSET=utf8mb4 COMMENT='地区表';

INSERT INTO `area` (`id`, `parent_id`, `depth`, `name`, `postal_code`, `sort`) VALUES
  (110000, 0, 1, '北京市', 100000, 100),
  (110100, 110000, 2, '北京市', 100000, 100),
  (110101, 110100, 3, '东城区', 0, 100),
  (110102, 110100, 3, '西城区', 0, 100),
  (110105, 110100, 3, '朝阳区', 0, 100),
  (110106, 110100, 3, '丰台区', 0, 100),
  (110107, 110100, 3, '石景山区', 0, 100),
  (110108, 110100, 3, '海淀区', 0, 100),
  (110109, 110100, 3, '门头沟区', 0, 100),
  (110111, 110100, 3, '房山区', 0, 100),
  (110112, 110100, 3, '通州区', 0, 100),
  (110113, 110100, 3, '顺义区', 0, 100),
  (110114, 110100, 3, '昌平区', 0, 100),
  (110115, 110100, 3, '大兴区', 0, 100),
  (110116, 110100, 3, '怀柔区', 0, 100),
  (110117, 110100, 3, '平谷区', 0, 100),
  (110118, 110100, 3, '密云区', 0, 100),
  (110119, 110100, 3, '延庆区', 0, 100),
  (120000, 0, 1, '天津市', 0, 100),
  (120100, 120000, 2, '天津市', 0, 100),
  (120101, 120100, 3, '和平区', 0, 100),
  (120102, 120100, 3, '河东区', 0, 100),
  (120103, 120100, 3, '河西区', 0, 100),
  (120104, 120100, 3, '南开区', 0, 100),
  (120105, 120100, 3, '河北区', 0, 100),
  (120106, 120100, 3, '红桥区', 0, 100),
  (120110, 120100, 3, '东丽区', 0, 100),
  (120111, 120100, 3, '西青区', 0, 100),
  (120112, 120100, 3, '津南区', 0, 100),
  (120113, 120100, 3, '北辰区', 0, 100),
  (120114, 120100, 3, '武清区', 0, 100),
  (120115, 120100, 3, '宝坻区', 0, 100),
  (120116, 120100, 3, '滨海新区', 0, 100),
  (120117, 120100, 3, '宁河区', 0, 100),
  (120118, 120100, 3, '静海区', 0, 100),
  (120119, 120100, 3, '蓟州区', 0, 100),
  (130000, 0, 1, '河北省', 0, 100),
  (130100, 130000, 2, '石家庄市', 0, 100),
  (130101, 130100, 3, '市辖区', 0, 100),
  (130102, 130100, 3, '长安区', 0, 100),
  (130104, 130100, 3, '桥西区', 0, 100),
  (130105, 130100, 3, '新华区', 0, 100),
  (130107, 130100, 3, '井陉矿区', 0, 100),
  (130108, 130100, 3, '裕华区', 0, 100),
  (130109, 130100, 3, '藁城区', 0, 100),
  (130110, 130100, 3, '鹿泉区', 0, 100),
  (130111, 130100, 3, '栾城区', 0, 100),
  (130121, 130100, 3, '井陉县', 0, 100),
  (130123, 130100, 3, '正定县', 0, 100),
  (130125, 130100, 3, '行唐县', 0, 100),
  (130126, 130100, 3, '灵寿县', 0, 100),
  (130127, 130100, 3, '高邑县', 0, 100),
  (130128, 130100, 3, '深泽县', 0, 100),
  (130129, 130100, 3, '赞皇县', 0, 100),
  (130130, 130100, 3, '无极县', 0, 100),
  (130131, 130100, 3, '平山县', 0, 100),
  (130132, 130100, 3, '元氏县', 0, 100),
  (130133, 130100, 3, '赵县', 0, 100),
  (130183, 130100, 3, '晋州市', 0, 100),
  (130184, 130100, 3, '新乐市', 0, 100),
  (130200, 130000, 2, '唐山市', 0, 100),
  (130201, 130200, 3, '市辖区', 0, 100),
  (130202, 130200, 3, '路南区', 0, 100),
  (130203, 130200, 3, '路北区', 0, 100),
  (130204, 130200, 3, '古冶区', 0, 100),
  (130205, 130200, 3, '开平区', 0, 100),
  (130207, 130200, 3, '丰南区', 0, 100),
  (130208, 130200, 3, '丰润区', 0, 100),
  (130209, 130200, 3, '曹妃甸区', 0, 100),
  (130223, 130200, 3, '滦县', 0, 100),
  (130224, 130200, 3, '滦南县', 0, 100),
  (130225, 130200, 3, '乐亭县', 0, 100),
  (130227, 130200, 3, '迁西县', 0, 100),
  (130229, 130200, 3, '玉田县', 0, 100),
  (130281, 130200, 3, '遵化市', 0, 100),
  (130283, 130200, 3, '迁安市', 0, 100),
  (130300, 130000, 2, '秦皇岛市', 0, 100),
  (130301, 130300, 3, '市辖区', 0, 100),
  (130302, 130300, 3, '海港区', 0, 100),
  (130303, 130300, 3, '山海关区', 0, 100),
  (130304, 130300, 3, '北戴河区', 0, 100),
  (130306, 130300, 3, '抚宁区', 0, 100),
  (130321, 130300, 3, '青龙满族自治县', 0, 100),
  (130322, 130300, 3, '昌黎县', 0, 100),
  (130324, 130300, 3, '卢龙县', 0, 100),
  (130400, 130000, 2, '邯郸市', 0, 100),
  (130401, 130400, 3, '市辖区', 0, 100),
  (130402, 130400, 3, '邯山区', 0, 100),
  (130403, 130400, 3, '丛台区', 0, 100),
  (130404, 130400, 3, '复兴区', 0, 100),
  (130406, 130400, 3, '峰峰矿区', 0, 100),
  (130421, 130400, 3, '邯郸县', 0, 100),
  (130423, 130400, 3, '临漳县', 0, 100),
  (130424, 130400, 3, '成安县', 0, 100),
  (130425, 130400, 3, '大名县', 0, 100),
  (130426, 130400, 3, '涉县', 0, 100),
  (130427, 130400, 3, '磁县', 0, 100),
  (130428, 130400, 3, '肥乡县', 0, 100),
  (130429, 130400, 3, '永年县', 0, 100),
  (130430, 130400, 3, '邱县', 0, 100),
  (130431, 130400, 3, '鸡泽县', 0, 100),
  (130432, 130400, 3, '广平县', 0, 100),
  (130433, 130400, 3, '馆陶县', 0, 100),
  (130434, 130400, 3, '魏县', 0, 100),
  (130435, 130400, 3, '曲周县', 0, 100),
  (130481, 130400, 3, '武安市', 0, 100),
  (130500, 130000, 2, '邢台市', 0, 100),
  (130501, 130500, 3, '市辖区', 0, 100),
  (130502, 130500, 3, '桥东区', 0, 100),
  (130503, 130500, 3, '桥西区', 0, 100),
  (130521, 130500, 3, '邢台县', 0, 100),
  (130522, 130500, 3, '临城县', 0, 100),
  (130523, 130500, 3, '内丘县', 0, 100),
  (130524, 130500, 3, '柏乡县', 0, 100),
  (130525, 130500, 3, '隆尧县', 0, 100),
  (130526, 130500, 3, '任县', 0, 100),
  (130527, 130500, 3, '南和县', 0, 100),
  (130528, 130500, 3, '宁晋县', 0, 100),
  (130529, 130500, 3, '巨鹿县', 0, 100),
  (130530, 130500, 3, '新河县', 0, 100),
  (130531, 130500, 3, '广宗县', 0, 100),
  (130532, 130500, 3, '平乡县', 0, 100),
  (130533, 130500, 3, '威县', 0, 100),
  (130534, 130500, 3, '清河县', 0, 100),
  (130535, 130500, 3, '临西县', 0, 100),
  (130581, 130500, 3, '南宫市', 0, 100),
  (130582, 130500, 3, '沙河市', 0, 100),
  (130600, 130000, 2, '保定市', 0, 100),
  (130601, 130600, 3, '市辖区', 0, 100),
  (130602, 130600, 3, '竞秀区', 0, 100),
  (130606, 130600, 3, '莲池区', 0, 100),
  (130607, 130600, 3, '满城区', 0, 100),
  (130608, 130600, 3, '清苑区', 0, 100),
  (130609, 130600, 3, '徐水区', 0, 100),
  (130623, 130600, 3, '涞水县', 0, 100),
  (130624, 130600, 3, '阜平县', 0, 100),
  (130626, 130600, 3, '定兴县', 0, 100),
  (130627, 130600, 3, '唐县', 0, 100),
  (130628, 130600, 3, '高阳县', 0, 100),
  (130629, 130600, 3, '容城县', 0, 100),
  (130630, 130600, 3, '涞源县', 0, 100),
  (130631, 130600, 3, '望都县', 0, 100),
  (130632, 130600, 3, '安新县', 0, 100),
  (130633, 130600, 3, '易县', 0, 100),
  (130634, 130600, 3, '曲阳县', 0, 100),
  (130635, 130600, 3, '蠡县', 0, 100),
  (130636, 130600, 3, '顺平县', 0, 100),
  (130637, 130600, 3, '博野县', 0, 100),
  (130638, 130600, 3, '雄县', 0, 100),
  (130681, 130600, 3, '涿州市', 0, 100),
  (130683, 130600, 3, '安国市', 0, 100),
  (130684, 130600, 3, '高碑店市', 0, 100),
  (130700, 130000, 2, '张家口市', 0, 100),
  (130701, 130700, 3, '市辖区', 0, 100),
  (130702, 130700, 3, '桥东区', 0, 100),
  (130703, 130700, 3, '桥西区', 0, 100),
  (130705, 130700, 3, '宣化区', 0, 100),
  (130706, 130700, 3, '下花园区', 0, 100),
  (130708, 130700, 3, '万全区', 0, 100),
  (130709, 130700, 3, '崇礼区', 0, 100),
  (130722, 130700, 3, '张北县', 0, 100),
  (130723, 130700, 3, '康保县', 0, 100),
  (130724, 130700, 3, '沽源县', 0, 100),
  (130725, 130700, 3, '尚义县', 0, 100),
  (130726, 130700, 3, '蔚县', 0, 100),
  (130727, 130700, 3, '阳原县', 0, 100),
  (130728, 130700, 3, '怀安县', 0, 100),
  (130730, 130700, 3, '怀来县', 0, 100),
  (130731, 130700, 3, '涿鹿县', 0, 100),
  (130732, 130700, 3, '赤城县', 0, 100),
  (130800, 130000, 2, '承德市', 0, 100),
  (130801, 130800, 3, '市辖区', 0, 100),
  (130802, 130800, 3, '双桥区', 0, 100),
  (130803, 130800, 3, '双滦区', 0, 100),
  (130804, 130800, 3, '鹰手营子矿区', 0, 100),
  (130821, 130800, 3, '承德县', 0, 100),
  (130822, 130800, 3, '兴隆县', 0, 100),
  (130823, 130800, 3, '平泉县', 0, 100),
  (130824, 130800, 3, '滦平县', 0, 100),
  (130825, 130800, 3, '隆化县', 0, 100),
  (130826, 130800, 3, '丰宁满族自治县', 0, 100),
  (130827, 130800, 3, '宽城满族自治县', 0, 100),
  (130828, 130800, 3, '围场满族蒙古族自治县', 0, 100),
  (130900, 130000, 2, '沧州市', 0, 100),
  (130901, 130900, 3, '市辖区', 0, 100),
  (130902, 130900, 3, '新华区', 0, 100),
  (130903, 130900, 3, '运河区', 0, 100),
  (130921, 130900, 3, '沧县', 0, 100),
  (130922, 130900, 3, '青县', 0, 100),
  (130923, 130900, 3, '东光县', 0, 100),
  (130924, 130900, 3, '海兴县', 0, 100),
  (130925, 130900, 3, '盐山县', 0, 100),
  (130926, 130900, 3, '肃宁县', 0, 100),
  (130927, 130900, 3, '南皮县', 0, 100),
  (130928, 130900, 3, '吴桥县', 0, 100),
  (130929, 130900, 3, '献县', 0, 100),
  (130930, 130900, 3, '孟村回族自治县', 0, 100),
  (130981, 130900, 3, '泊头市', 0, 100),
  (130982, 130900, 3, '任丘市', 0, 100),
  (130983, 130900, 3, '黄骅市', 0, 100),
  (130984, 130900, 3, '河间市', 0, 100),
  (131000, 130000, 2, '廊坊市', 0, 100),
  (131001, 131000, 3, '市辖区', 0, 100),
  (131002, 131000, 3, '安次区', 0, 100),
  (131003, 131000, 3, '广阳区', 0, 100),
  (131022, 131000, 3, '固安县', 0, 100),
  (131023, 131000, 3, '永清县', 0, 100),
  (131024, 131000, 3, '香河县', 0, 100),
  (131025, 131000, 3, '大城县', 0, 100),
  (131026, 131000, 3, '文安县', 0, 100),
  (131028, 131000, 3, '大厂回族自治县', 0, 100),
  (131081, 131000, 3, '霸州市', 0, 100),
  (131082, 131000, 3, '三河市', 0, 100),
  (131100, 130000, 2, '衡水市', 0, 100),
  (131101, 131100, 3, '市辖区', 0, 100),
  (131102, 131100, 3, '桃城区', 0, 100),
  (131103, 131100, 3, '冀州区', 0, 100),
  (131121, 131100, 3, '枣强县', 0, 100),
  (131122, 131100, 3, '武邑县', 0, 100),
  (131123, 131100, 3, '武强县', 0, 100),
  (131124, 131100, 3, '饶阳县', 0, 100),
  (131125, 131100, 3, '安平县', 0, 100),
  (131126, 131100, 3, '故城县', 0, 100),
  (131127, 131100, 3, '景县', 0, 100),
  (131128, 131100, 3, '阜城县', 0, 100),
  (131182, 131100, 3, '深州市', 0, 100),
  (139000, 130000, 2, '省直辖县级行政区划', 0, 100),
  (139001, 139000, 3, '市辖区', 0, 100),
  (139002, 139000, 3, '辛集市', 0, 100),
  (140000, 0, 1, '山西省', 0, 100),
  (140100, 140000, 2, '太原市', 0, 100),
  (140101, 140100, 3, '市辖区', 0, 100),
  (140105, 140100, 3, '小店区', 0, 100),
  (140106, 140100, 3, '迎泽区', 0, 100),
  (140107, 140100, 3, '杏花岭区', 0, 100),
  (140108, 140100, 3, '尖草坪区', 0, 100),
  (140109, 140100, 3, '万柏林区', 0, 100),
  (140110, 140100, 3, '晋源区', 0, 100),
  (140121, 140100, 3, '清徐县', 0, 100),
  (140122, 140100, 3, '阳曲县', 0, 100),
  (140123, 140100, 3, '娄烦县', 0, 100),
  (140181, 140100, 3, '古交市', 0, 100),
  (140200, 140000, 2, '大同市', 0, 100),
  (140201, 140200, 3, '市辖区', 0, 100),
  (140202, 140200, 3, '城区', 0, 100),
  (140203, 140200, 3, '矿区', 0, 100),
  (140211, 140200, 3, '南郊区', 0, 100),
  (140212, 140200, 3, '新荣区', 0, 100),
  (140221, 140200, 3, '阳高县', 0, 100),
  (140222, 140200, 3, '天镇县', 0, 100),
  (140223, 140200, 3, '广灵县', 0, 100),
  (140224, 140200, 3, '灵丘县', 0, 100),
  (140225, 140200, 3, '浑源县', 0, 100),
  (140226, 140200, 3, '左云县', 0, 100),
  (140227, 140200, 3, '大同县', 0, 100),
  (140300, 140000, 2, '阳泉市', 0, 100),
  (140301, 140300, 3, '市辖区', 0, 100),
  (140302, 140300, 3, '城区', 0, 100),
  (140303, 140300, 3, '矿区', 0, 100),
  (140311, 140300, 3, '郊区', 0, 100),
  (140321, 140300, 3, '平定县', 0, 100),
  (140322, 140300, 3, '盂县', 0, 100),
  (140400, 140000, 2, '长治市', 0, 100),
  (140401, 140400, 3, '市辖区', 0, 100),
  (140402, 140400, 3, '城区', 0, 100),
  (140411, 140400, 3, '郊区', 0, 100),
  (140421, 140400, 3, '长治县', 0, 100),
  (140423, 140400, 3, '襄垣县', 0, 100),
  (140424, 140400, 3, '屯留县', 0, 100),
  (140425, 140400, 3, '平顺县', 0, 100),
  (140426, 140400, 3, '黎城县', 0, 100),
  (140427, 140400, 3, '壶关县', 0, 100),
  (140428, 140400, 3, '长子县', 0, 100),
  (140429, 140400, 3, '武乡县', 0, 100),
  (140430, 140400, 3, '沁县', 0, 100),
  (140431, 140400, 3, '沁源县', 0, 100),
  (140481, 140400, 3, '潞城市', 0, 100),
  (140500, 140000, 2, '晋城市', 0, 100),
  (140501, 140500, 3, '市辖区', 0, 100),
  (140502, 140500, 3, '城区', 0, 100),
  (140521, 140500, 3, '沁水县', 0, 100),
  (140522, 140500, 3, '阳城县', 0, 100),
  (140524, 140500, 3, '陵川县', 0, 100),
  (140525, 140500, 3, '泽州县', 0, 100),
  (140581, 140500, 3, '高平市', 0, 100),
  (140600, 140000, 2, '朔州市', 0, 100),
  (140601, 140600, 3, '市辖区', 0, 100),
  (140602, 140600, 3, '朔城区', 0, 100),
  (140603, 140600, 3, '平鲁区', 0, 100),
  (140621, 140600, 3, '山阴县', 0, 100),
  (140622, 140600, 3, '应县', 0, 100),
  (140623, 140600, 3, '右玉县', 0, 100),
  (140624, 140600, 3, '怀仁县', 0, 100),
  (140700, 140000, 2, '晋中市', 0, 100),
  (140701, 140700, 3, '市辖区', 0, 100),
  (140702, 140700, 3, '榆次区', 0, 100),
  (140721, 140700, 3, '榆社县', 0, 100),
  (140722, 140700, 3, '左权县', 0, 100),
  (140723, 140700, 3, '和顺县', 0, 100),
  (140724, 140700, 3, '昔阳县', 0, 100),
  (140725, 140700, 3, '寿阳县', 0, 100),
  (140726, 140700, 3, '太谷县', 0, 100),
  (140727, 140700, 3, '祁县', 0, 100),
  (140728, 140700, 3, '平遥县', 0, 100),
  (140729, 140700, 3, '灵石县', 0, 100),
  (140781, 140700, 3, '介休市', 0, 100),
  (140800, 140000, 2, '运城市', 0, 100),
  (140801, 140800, 3, '市辖区', 0, 100),
  (140802, 140800, 3, '盐湖区', 0, 100),
  (140821, 140800, 3, '临猗县', 0, 100),
  (140822, 140800, 3, '万荣县', 0, 100),
  (140823, 140800, 3, '闻喜县', 0, 100),
  (140824, 140800, 3, '稷山县', 0, 100),
  (140825, 140800, 3, '新绛县', 0, 100),
  (140826, 140800, 3, '绛县', 0, 100),
  (140827, 140800, 3, '垣曲县', 0, 100),
  (140828, 140800, 3, '夏县', 0, 100),
  (140829, 140800, 3, '平陆县', 0, 100),
  (140830, 140800, 3, '芮城县', 0, 100),
  (140881, 140800, 3, '永济市', 0, 100),
  (140882, 140800, 3, '河津市', 0, 100),
  (140900, 140000, 2, '忻州市', 0, 100),
  (140901, 140900, 3, '市辖区', 0, 100),
  (140902, 140900, 3, '忻府区', 0, 100),
  (140921, 140900, 3, '定襄县', 0, 100),
  (140922, 140900, 3, '五台县', 0, 100),
  (140923, 140900, 3, '代县', 0, 100),
  (140924, 140900, 3, '繁峙县', 0, 100),
  (140925, 140900, 3, '宁武县', 0, 100),
  (140926, 140900, 3, '静乐县', 0, 100),
  (140927, 140900, 3, '神池县', 0, 100),
  (140928, 140900, 3, '五寨县', 0, 100),
  (140929, 140900, 3, '岢岚县', 0, 100),
  (140930, 140900, 3, '河曲县', 0, 100),
  (140931, 140900, 3, '保德县', 0, 100),
  (140932, 140900, 3, '偏关县', 0, 100),
  (140981, 140900, 3, '原平市', 0, 100),
  (141000, 140000, 2, '临汾市', 0, 100),
  (141001, 141000, 3, '市辖区', 0, 100),
  (141002, 141000, 3, '尧都区', 0, 100),
  (141021, 141000, 3, '曲沃县', 0, 100),
  (141022, 141000, 3, '翼城县', 0, 100),
  (141023, 141000, 3, '襄汾县', 0, 100),
  (141024, 141000, 3, '洪洞县', 0, 100),
  (141025, 141000, 3, '古县', 0, 100),
  (141026, 141000, 3, '安泽县', 0, 100),
  (141027, 141000, 3, '浮山县', 0, 100),
  (141028, 141000, 3, '吉县', 0, 100),
  (141029, 141000, 3, '乡宁县', 0, 100),
  (141030, 141000, 3, '大宁县', 0, 100),
  (141031, 141000, 3, '隰县', 0, 100),
  (141032, 141000, 3, '永和县', 0, 100),
  (141033, 141000, 3, '蒲县', 0, 100),
  (141034, 141000, 3, '汾西县', 0, 100),
  (141081, 141000, 3, '侯马市', 0, 100),
  (141082, 141000, 3, '霍州市', 0, 100),
  (141100, 140000, 2, '吕梁市', 0, 100),
  (141101, 141100, 3, '市辖区', 0, 100),
  (141102, 141100, 3, '离石区', 0, 100),
  (141121, 141100, 3, '文水县', 0, 100),
  (141122, 141100, 3, '交城县', 0, 100),
  (141123, 141100, 3, '兴县', 0, 100),
  (141124, 141100, 3, '临县', 0, 100),
  (141125, 141100, 3, '柳林县', 0, 100),
  (141126, 141100, 3, '石楼县', 0, 100),
  (141127, 141100, 3, '岚县', 0, 100),
  (141128, 141100, 3, '方山县', 0, 100),
  (141129, 141100, 3, '中阳县', 0, 100),
  (141130, 141100, 3, '交口县', 0, 100),
  (141181, 141100, 3, '孝义市', 0, 100),
  (141182, 141100, 3, '汾阳市', 0, 100),
  (150000, 0, 1, '内蒙古自治区', 0, 100),
  (150100, 150000, 2, '呼和浩特市', 0, 100),
  (150101, 150100, 3, '市辖区', 0, 100),
  (150102, 150100, 3, '新城区', 0, 100),
  (150103, 150100, 3, '回民区', 0, 100),
  (150104, 150100, 3, '玉泉区', 0, 100),
  (150105, 150100, 3, '赛罕区', 0, 100),
  (150121, 150100, 3, '土默特左旗', 0, 100),
  (150122, 150100, 3, '托克托县', 0, 100),
  (150123, 150100, 3, '和林格尔县', 0, 100),
  (150124, 150100, 3, '清水河县', 0, 100),
  (150125, 150100, 3, '武川县', 0, 100),
  (150200, 150000, 2, '包头市', 0, 100),
  (150201, 150200, 3, '市辖区', 0, 100),
  (150202, 150200, 3, '东河区', 0, 100),
  (150203, 150200, 3, '昆都仑区', 0, 100),
  (150204, 150200, 3, '青山区', 0, 100),
  (150205, 150200, 3, '石拐区', 0, 100),
  (150206, 150200, 3, '白云鄂博矿区', 0, 100),
  (150207, 150200, 3, '九原区', 0, 100),
  (150221, 150200, 3, '土默特右旗', 0, 100),
  (150222, 150200, 3, '固阳县', 0, 100),
  (150223, 150200, 3, '达尔罕茂明安联合旗', 0, 100),
  (150300, 150000, 2, '乌海市', 0, 100),
  (150301, 150300, 3, '市辖区', 0, 100),
  (150302, 150300, 3, '海勃湾区', 0, 100),
  (150303, 150300, 3, '海南区', 0, 100),
  (150304, 150300, 3, '乌达区', 0, 100),
  (150400, 150000, 2, '赤峰市', 0, 100),
  (150401, 150400, 3, '市辖区', 0, 100),
  (150402, 150400, 3, '红山区', 0, 100),
  (150403, 150400, 3, '元宝山区', 0, 100),
  (150404, 150400, 3, '松山区', 0, 100),
  (150421, 150400, 3, '阿鲁科尔沁旗', 0, 100),
  (150422, 150400, 3, '巴林左旗', 0, 100),
  (150423, 150400, 3, '巴林右旗', 0, 100),
  (150424, 150400, 3, '林西县', 0, 100),
  (150425, 150400, 3, '克什克腾旗', 0, 100),
  (150426, 150400, 3, '翁牛特旗', 0, 100),
  (150428, 150400, 3, '喀喇沁旗', 0, 100),
  (150429, 150400, 3, '宁城县', 0, 100),
  (150430, 150400, 3, '敖汉旗', 0, 100),
  (150500, 150000, 2, '通辽市', 0, 100),
  (150501, 150500, 3, '市辖区', 0, 100),
  (150502, 150500, 3, '科尔沁区', 0, 100),
  (150521, 150500, 3, '科尔沁左翼中旗', 0, 100),
  (150522, 150500, 3, '科尔沁左翼后旗', 0, 100),
  (150523, 150500, 3, '开鲁县', 0, 100),
  (150524, 150500, 3, '库伦旗', 0, 100),
  (150525, 150500, 3, '奈曼旗', 0, 100),
  (150526, 150500, 3, '扎鲁特旗', 0, 100),
  (150581, 150500, 3, '霍林郭勒市', 0, 100),
  (150600, 150000, 2, '鄂尔多斯市', 0, 100),
  (150601, 150600, 3, '市辖区', 0, 100),
  (150602, 150600, 3, '东胜区', 0, 100),
  (150603, 150600, 3, '康巴什区', 0, 100),
  (150621, 150600, 3, '达拉特旗', 0, 100),
  (150622, 150600, 3, '准格尔旗', 0, 100),
  (150623, 150600, 3, '鄂托克前旗', 0, 100),
  (150624, 150600, 3, '鄂托克旗', 0, 100),
  (150625, 150600, 3, '杭锦旗', 0, 100),
  (150626, 150600, 3, '乌审旗', 0, 100),
  (150627, 150600, 3, '伊金霍洛旗', 0, 100),
  (150700, 150000, 2, '呼伦贝尔市', 0, 100),
  (150701, 150700, 3, '市辖区', 0, 100),
  (150702, 150700, 3, '海拉尔区', 0, 100),
  (150703, 150700, 3, '扎赉诺尔区', 0, 100),
  (150721, 150700, 3, '阿荣旗', 0, 100),
  (150722, 150700, 3, '莫力达瓦达斡尔族自治旗', 0, 100),
  (150723, 150700, 3, '鄂伦春自治旗', 0, 100),
  (150724, 150700, 3, '鄂温克族自治旗', 0, 100),
  (150725, 150700, 3, '陈巴尔虎旗', 0, 100),
  (150726, 150700, 3, '新巴尔虎左旗', 0, 100),
  (150727, 150700, 3, '新巴尔虎右旗', 0, 100),
  (150781, 150700, 3, '满洲里市', 0, 100),
  (150782, 150700, 3, '牙克石市', 0, 100),
  (150783, 150700, 3, '扎兰屯市', 0, 100),
  (150784, 150700, 3, '额尔古纳市', 0, 100),
  (150785, 150700, 3, '根河市', 0, 100),
  (150800, 150000, 2, '巴彦淖尔市', 0, 100),
  (150801, 150800, 3, '市辖区', 0, 100),
  (150802, 150800, 3, '临河区', 0, 100),
  (150821, 150800, 3, '五原县', 0, 100),
  (150822, 150800, 3, '磴口县', 0, 100),
  (150823, 150800, 3, '乌拉特前旗', 0, 100),
  (150824, 150800, 3, '乌拉特中旗', 0, 100),
  (150825, 150800, 3, '乌拉特后旗', 0, 100),
  (150826, 150800, 3, '杭锦后旗', 0, 100),
  (150900, 150000, 2, '乌兰察布市', 0, 100),
  (150901, 150900, 3, '市辖区', 0, 100),
  (150902, 150900, 3, '集宁区', 0, 100),
  (150921, 150900, 3, '卓资县', 0, 100),
  (150922, 150900, 3, '化德县', 0, 100),
  (150923, 150900, 3, '商都县', 0, 100),
  (150924, 150900, 3, '兴和县', 0, 100),
  (150925, 150900, 3, '凉城县', 0, 100),
  (150926, 150900, 3, '察哈尔右翼前旗', 0, 100),
  (150927, 150900, 3, '察哈尔右翼中旗', 0, 100),
  (150928, 150900, 3, '察哈尔右翼后旗', 0, 100),
  (150929, 150900, 3, '四子王旗', 0, 100),
  (150981, 150900, 3, '丰镇市', 0, 100),
  (152200, 150000, 2, '兴安盟', 0, 100),
  (152201, 152200, 3, '市辖区', 0, 100),
  (152202, 152200, 3, '阿尔山市', 0, 100),
  (152221, 152200, 3, '科尔沁右翼前旗', 0, 100),
  (152222, 152200, 3, '科尔沁右翼中旗', 0, 100),
  (152223, 152200, 3, '扎赉特旗', 0, 100),
  (152224, 152200, 3, '突泉县', 0, 100),
  (152500, 150000, 2, '锡林郭勒盟', 0, 100),
  (152501, 152500, 3, '市辖区', 0, 100),
  (152502, 152500, 3, '锡林浩特市', 0, 100),
  (152522, 152500, 3, '阿巴嘎旗', 0, 100),
  (152523, 152500, 3, '苏尼特左旗', 0, 100),
  (152524, 152500, 3, '苏尼特右旗', 0, 100),
  (152525, 152500, 3, '东乌珠穆沁旗', 0, 100),
  (152526, 152500, 3, '西乌珠穆沁旗', 0, 100),
  (152527, 152500, 3, '太仆寺旗', 0, 100),
  (152528, 152500, 3, '镶黄旗', 0, 100),
  (152529, 152500, 3, '正镶白旗', 0, 100),
  (152530, 152500, 3, '正蓝旗', 0, 100),
  (152531, 152500, 3, '多伦县', 0, 100),
  (152900, 150000, 2, '阿拉善盟', 0, 100),
  (152921, 152900, 3, '阿拉善左旗', 0, 100),
  (152922, 152900, 3, '阿拉善右旗', 0, 100),
  (152923, 152900, 3, '额济纳旗', 0, 100),
  (210000, 0, 1, '辽宁省', 0, 100),
  (210100, 210000, 2, '沈阳市', 0, 100),
  (210101, 210100, 3, '市辖区', 0, 100),
  (210102, 210100, 3, '和平区', 0, 100),
  (210103, 210100, 3, '沈河区', 0, 100),
  (210104, 210100, 3, '大东区', 0, 100),
  (210105, 210100, 3, '皇姑区', 0, 100),
  (210106, 210100, 3, '铁西区', 0, 100),
  (210111, 210100, 3, '苏家屯区', 0, 100),
  (210112, 210100, 3, '浑南区', 0, 100),
  (210113, 210100, 3, '沈北新区', 0, 100),
  (210114, 210100, 3, '于洪区', 0, 100),
  (210115, 210100, 3, '辽中区', 0, 100),
  (210123, 210100, 3, '康平县', 0, 100),
  (210124, 210100, 3, '法库县', 0, 100),
  (210181, 210100, 3, '新民市', 0, 100),
  (210200, 210000, 2, '大连市', 0, 100),
  (210201, 210200, 3, '市辖区', 0, 100),
  (210202, 210200, 3, '中山区', 0, 100),
  (210203, 210200, 3, '西岗区', 0, 100),
  (210204, 210200, 3, '沙河口区', 0, 100),
  (210211, 210200, 3, '甘井子区', 0, 100),
  (210212, 210200, 3, '旅顺口区', 0, 100),
  (210213, 210200, 3, '金州区', 0, 100),
  (210214, 210200, 3, '普兰店区', 0, 100),
  (210224, 210200, 3, '长海县', 0, 100),
  (210281, 210200, 3, '瓦房店市', 0, 100),
  (210283, 210200, 3, '庄河市', 0, 100),
  (210300, 210000, 2, '鞍山市', 0, 100),
  (210301, 210300, 3, '市辖区', 0, 100),
  (210302, 210300, 3, '铁东区', 0, 100),
  (210303, 210300, 3, '铁西区', 0, 100),
  (210304, 210300, 3, '立山区', 0, 100),
  (210311, 210300, 3, '千山区', 0, 100),
  (210321, 210300, 3, '台安县', 0, 100),
  (210323, 210300, 3, '岫岩满族自治县', 0, 100),
  (210381, 210300, 3, '海城市', 0, 100),
  (210400, 210000, 2, '抚顺市', 0, 100),
  (210401, 210400, 3, '市辖区', 0, 100),
  (210402, 210400, 3, '新抚区', 0, 100),
  (210403, 210400, 3, '东洲区', 0, 100),
  (210404, 210400, 3, '望花区', 0, 100),
  (210411, 210400, 3, '顺城区', 0, 100),
  (210421, 210400, 3, '抚顺县', 0, 100),
  (210422, 210400, 3, '新宾满族自治县', 0, 100),
  (210423, 210400, 3, '清原满族自治县', 0, 100),
  (210500, 210000, 2, '本溪市', 0, 100),
  (210501, 210500, 3, '市辖区', 0, 100),
  (210502, 210500, 3, '平山区', 0, 100),
  (210503, 210500, 3, '溪湖区', 0, 100),
  (210504, 210500, 3, '明山区', 0, 100),
  (210505, 210500, 3, '南芬区', 0, 100),
  (210521, 210500, 3, '本溪满族自治县', 0, 100),
  (210522, 210500, 3, '桓仁满族自治县', 0, 100),
  (210600, 210000, 2, '丹东市', 0, 100),
  (210601, 210600, 3, '市辖区', 0, 100),
  (210602, 210600, 3, '元宝区', 0, 100),
  (210603, 210600, 3, '振兴区', 0, 100),
  (210604, 210600, 3, '振安区', 0, 100),
  (210624, 210600, 3, '宽甸满族自治县', 0, 100),
  (210681, 210600, 3, '东港市', 0, 100),
  (210682, 210600, 3, '凤城市', 0, 100),
  (210700, 210000, 2, '锦州市', 0, 100),
  (210701, 210700, 3, '市辖区', 0, 100),
  (210702, 210700, 3, '古塔区', 0, 100),
  (210703, 210700, 3, '凌河区', 0, 100),
  (210711, 210700, 3, '太和区', 0, 100),
  (210726, 210700, 3, '黑山县', 0, 100),
  (210727, 210700, 3, '义县', 0, 100),
  (210781, 210700, 3, '凌海市', 0, 100),
  (210782, 210700, 3, '北镇市', 0, 100),
  (210800, 210000, 2, '营口市', 0, 100),
  (210801, 210800, 3, '市辖区', 0, 100),
  (210802, 210800, 3, '站前区', 0, 100),
  (210803, 210800, 3, '西市区', 0, 100),
  (210804, 210800, 3, '鲅鱼圈区', 0, 100),
  (210811, 210800, 3, '老边区', 0, 100),
  (210881, 210800, 3, '盖州市', 0, 100),
  (210882, 210800, 3, '大石桥市', 0, 100),
  (210900, 210000, 2, '阜新市', 0, 100),
  (210901, 210900, 3, '市辖区', 0, 100),
  (210902, 210900, 3, '海州区', 0, 100),
  (210903, 210900, 3, '新邱区', 0, 100),
  (210904, 210900, 3, '太平区', 0, 100),
  (210905, 210900, 3, '清河门区', 0, 100),
  (210911, 210900, 3, '细河区', 0, 100),
  (210921, 210900, 3, '阜新蒙古族自治县', 0, 100),
  (210922, 210900, 3, '彰武县', 0, 100),
  (211000, 210000, 2, '辽阳市', 0, 100),
  (211001, 211000, 3, '市辖区', 0, 100),
  (211002, 211000, 3, '白塔区', 0, 100),
  (211003, 211000, 3, '文圣区', 0, 100),
  (211004, 211000, 3, '宏伟区', 0, 100),
  (211005, 211000, 3, '弓长岭区', 0, 100),
  (211011, 211000, 3, '太子河区', 0, 100),
  (211021, 211000, 3, '辽阳县', 0, 100),
  (211081, 211000, 3, '灯塔市', 0, 100),
  (211100, 210000, 2, '盘锦市', 0, 100),
  (211101, 211100, 3, '市辖区', 0, 100),
  (211102, 211100, 3, '双台子区', 0, 100),
  (211103, 211100, 3, '兴隆台区', 0, 100),
  (211104, 211100, 3, '大洼区', 0, 100),
  (211122, 211100, 3, '盘山县', 0, 100),
  (211200, 210000, 2, '铁岭市', 0, 100),
  (211201, 211200, 3, '市辖区', 0, 100),
  (211202, 211200, 3, '银州区', 0, 100),
  (211204, 211200, 3, '清河区', 0, 100),
  (211221, 211200, 3, '铁岭县', 0, 100),
  (211223, 211200, 3, '西丰县', 0, 100),
  (211224, 211200, 3, '昌图县', 0, 100),
  (211281, 211200, 3, '调兵山市', 0, 100),
  (211282, 211200, 3, '开原市', 0, 100),
  (211300, 210000, 2, '朝阳市', 0, 100),
  (211301, 211300, 3, '市辖区', 0, 100),
  (211302, 211300, 3, '双塔区', 0, 100),
  (211303, 211300, 3, '龙城区', 0, 100),
  (211321, 211300, 3, '朝阳县', 0, 100),
  (211322, 211300, 3, '建平县', 0, 100),
  (211324, 211300, 3, '喀喇沁左翼蒙古族自治县', 0, 100),
  (211381, 211300, 3, '北票市', 0, 100),
  (211382, 211300, 3, '凌源市', 0, 100),
  (211400, 210000, 2, '葫芦岛市', 0, 100),
  (211401, 211400, 3, '市辖区', 0, 100),
  (211402, 211400, 3, '连山区', 0, 100),
  (211403, 211400, 3, '龙港区', 0, 100),
  (211404, 211400, 3, '南票区', 0, 100),
  (211421, 211400, 3, '绥中县', 0, 100),
  (211422, 211400, 3, '建昌县', 0, 100),
  (211481, 211400, 3, '兴城市', 0, 100),
  (220000, 0, 1, '吉林省', 0, 100),
  (220100, 220000, 2, '长春市', 0, 100),
  (220101, 220100, 3, '市辖区', 0, 100),
  (220102, 220100, 3, '南关区', 0, 100),
  (220103, 220100, 3, '宽城区', 0, 100),
  (220104, 220100, 3, '朝阳区', 0, 100),
  (220105, 220100, 3, '二道区', 0, 100),
  (220106, 220100, 3, '绿园区', 0, 100),
  (220112, 220100, 3, '双阳区', 0, 100),
  (220113, 220100, 3, '九台区', 0, 100),
  (220122, 220100, 3, '农安县', 0, 100),
  (220182, 220100, 3, '榆树市', 0, 100),
  (220183, 220100, 3, '德惠市', 0, 100),
  (220200, 220000, 2, '吉林市', 0, 100),
  (220201, 220200, 3, '市辖区', 0, 100),
  (220202, 220200, 3, '昌邑区', 0, 100),
  (220203, 220200, 3, '龙潭区', 0, 100),
  (220204, 220200, 3, '船营区', 0, 100),
  (220211, 220200, 3, '丰满区', 0, 100),
  (220221, 220200, 3, '永吉县', 0, 100),
  (220281, 220200, 3, '蛟河市', 0, 100),
  (220282, 220200, 3, '桦甸市', 0, 100),
  (220283, 220200, 3, '舒兰市', 0, 100),
  (220284, 220200, 3, '磐石市', 0, 100),
  (220300, 220000, 2, '四平市', 0, 100),
  (220301, 220300, 3, '市辖区', 0, 100),
  (220302, 220300, 3, '铁西区', 0, 100),
  (220303, 220300, 3, '铁东区', 0, 100),
  (220322, 220300, 3, '梨树县', 0, 100),
  (220323, 220300, 3, '伊通满族自治县', 0, 100),
  (220381, 220300, 3, '公主岭市', 0, 100),
  (220382, 220300, 3, '双辽市', 0, 100),
  (220400, 220000, 2, '辽源市', 0, 100),
  (220401, 220400, 3, '市辖区', 0, 100),
  (220402, 220400, 3, '龙山区', 0, 100),
  (220403, 220400, 3, '西安区', 0, 100),
  (220421, 220400, 3, '东丰县', 0, 100),
  (220422, 220400, 3, '东辽县', 0, 100),
  (220500, 220000, 2, '通化市', 0, 100),
  (220501, 220500, 3, '市辖区', 0, 100),
  (220502, 220500, 3, '东昌区', 0, 100),
  (220503, 220500, 3, '二道江区', 0, 100),
  (220521, 220500, 3, '通化县', 0, 100),
  (220523, 220500, 3, '辉南县', 0, 100),
  (220524, 220500, 3, '柳河县', 0, 100),
  (220581, 220500, 3, '梅河口市', 0, 100),
  (220582, 220500, 3, '集安市', 0, 100),
  (220600, 220000, 2, '白山市', 0, 100),
  (220601, 220600, 3, '市辖区', 0, 100),
  (220602, 220600, 3, '浑江区', 0, 100),
  (220605, 220600, 3, '江源区', 0, 100),
  (220621, 220600, 3, '抚松县', 0, 100),
  (220622, 220600, 3, '靖宇县', 0, 100),
  (220623, 220600, 3, '长白朝鲜族自治县', 0, 100),
  (220681, 220600, 3, '临江市', 0, 100),
  (220700, 220000, 2, '松原市', 0, 100),
  (220701, 220700, 3, '市辖区', 0, 100),
  (220702, 220700, 3, '宁江区', 0, 100),
  (220721, 220700, 3, '前郭尔罗斯蒙古族自治县', 0, 100),
  (220722, 220700, 3, '长岭县', 0, 100),
  (220723, 220700, 3, '乾安县', 0, 100),
  (220781, 220700, 3, '扶余市', 0, 100),
  (220800, 220000, 2, '白城市', 0, 100),
  (220801, 220800, 3, '市辖区', 0, 100),
  (220802, 220800, 3, '洮北区', 0, 100),
  (220821, 220800, 3, '镇赉县', 0, 100),
  (220822, 220800, 3, '通榆县', 0, 100),
  (220881, 220800, 3, '洮南市', 0, 100),
  (220882, 220800, 3, '大安市', 0, 100),
  (222400, 220000, 2, '延边朝鲜族自治州', 0, 100),
  (222401, 222400, 3, '市辖区', 0, 100),
  (222402, 222400, 3, '图们市', 0, 100),
  (222403, 222400, 3, '敦化市', 0, 100),
  (222404, 222400, 3, '珲春市', 0, 100),
  (222405, 222400, 3, '龙井市', 0, 100),
  (222406, 222400, 3, '和龙市', 0, 100),
  (222424, 222400, 3, '汪清县', 0, 100),
  (222426, 222400, 3, '安图县', 0, 100),
  (230000, 0, 1, '黑龙江省', 0, 100),
  (230100, 230000, 2, '哈尔滨市', 0, 100),
  (230101, 230100, 3, '市辖区', 0, 100),
  (230102, 230100, 3, '道里区', 0, 100),
  (230103, 230100, 3, '南岗区', 0, 100),
  (230104, 230100, 3, '道外区', 0, 100),
  (230108, 230100, 3, '平房区', 0, 100),
  (230109, 230100, 3, '松北区', 0, 100),
  (230110, 230100, 3, '香坊区', 0, 100),
  (230111, 230100, 3, '呼兰区', 0, 100),
  (230112, 230100, 3, '阿城区', 0, 100),
  (230113, 230100, 3, '双城区', 0, 100),
  (230123, 230100, 3, '依兰县', 0, 100),
  (230124, 230100, 3, '方正县', 0, 100),
  (230125, 230100, 3, '宾县', 0, 100),
  (230126, 230100, 3, '巴彦县', 0, 100),
  (230127, 230100, 3, '木兰县', 0, 100),
  (230128, 230100, 3, '通河县', 0, 100),
  (230129, 230100, 3, '延寿县', 0, 100),
  (230183, 230100, 3, '尚志市', 0, 100),
  (230184, 230100, 3, '五常市', 0, 100),
  (230200, 230000, 2, '齐齐哈尔市', 0, 100),
  (230201, 230200, 3, '市辖区', 0, 100),
  (230202, 230200, 3, '龙沙区', 0, 100),
  (230203, 230200, 3, '建华区', 0, 100),
  (230204, 230200, 3, '铁锋区', 0, 100),
  (230205, 230200, 3, '昂昂溪区', 0, 100),
  (230206, 230200, 3, '富拉尔基区', 0, 100),
  (230207, 230200, 3, '碾子山区', 0, 100),
  (230208, 230200, 3, '梅里斯达斡尔族区', 0, 100),
  (230221, 230200, 3, '龙江县', 0, 100),
  (230223, 230200, 3, '依安县', 0, 100),
  (230224, 230200, 3, '泰来县', 0, 100),
  (230225, 230200, 3, '甘南县', 0, 100),
  (230227, 230200, 3, '富裕县', 0, 100),
  (230229, 230200, 3, '克山县', 0, 100),
  (230230, 230200, 3, '克东县', 0, 100),
  (230231, 230200, 3, '拜泉县', 0, 100),
  (230281, 230200, 3, '讷河市', 0, 100),
  (230300, 230000, 2, '鸡西市', 0, 100),
  (230301, 230300, 3, '市辖区', 0, 100),
  (230302, 230300, 3, '鸡冠区', 0, 100),
  (230303, 230300, 3, '恒山区', 0, 100),
  (230304, 230300, 3, '滴道区', 0, 100),
  (230305, 230300, 3, '梨树区', 0, 100),
  (230306, 230300, 3, '城子河区', 0, 100),
  (230307, 230300, 3, '麻山区', 0, 100),
  (230321, 230300, 3, '鸡东县', 0, 100),
  (230381, 230300, 3, '虎林市', 0, 100),
  (230382, 230300, 3, '密山市', 0, 100),
  (230400, 230000, 2, '鹤岗市', 0, 100),
  (230401, 230400, 3, '市辖区', 0, 100),
  (230402, 230400, 3, '向阳区', 0, 100),
  (230403, 230400, 3, '工农区', 0, 100),
  (230404, 230400, 3, '南山区', 0, 100),
  (230405, 230400, 3, '兴安区', 0, 100),
  (230406, 230400, 3, '东山区', 0, 100),
  (230407, 230400, 3, '兴山区', 0, 100),
  (230421, 230400, 3, '萝北县', 0, 100),
  (230422, 230400, 3, '绥滨县', 0, 100),
  (230500, 230000, 2, '双鸭山市', 0, 100),
  (230501, 230500, 3, '市辖区', 0, 100),
  (230502, 230500, 3, '尖山区', 0, 100),
  (230503, 230500, 3, '岭东区', 0, 100),
  (230505, 230500, 3, '四方台区', 0, 100),
  (230506, 230500, 3, '宝山区', 0, 100),
  (230521, 230500, 3, '集贤县', 0, 100),
  (230522, 230500, 3, '友谊县', 0, 100),
  (230523, 230500, 3, '宝清县', 0, 100),
  (230524, 230500, 3, '饶河县', 0, 100),
  (230600, 230000, 2, '大庆市', 0, 100),
  (230601, 230600, 3, '市辖区', 0, 100),
  (230602, 230600, 3, '萨尔图区', 0, 100),
  (230603, 230600, 3, '龙凤区', 0, 100),
  (230604, 230600, 3, '让胡路区', 0, 100),
  (230605, 230600, 3, '红岗区', 0, 100),
  (230606, 230600, 3, '大同区', 0, 100),
  (230621, 230600, 3, '肇州县', 0, 100),
  (230622, 230600, 3, '肇源县', 0, 100),
  (230623, 230600, 3, '林甸县', 0, 100),
  (230624, 230600, 3, '杜尔伯特蒙古族自治县', 0, 100),
  (230700, 230000, 2, '伊春市', 0, 100),
  (230701, 230700, 3, '市辖区', 0, 100),
  (230702, 230700, 3, '伊春区', 0, 100),
  (230703, 230700, 3, '南岔区', 0, 100),
  (230704, 230700, 3, '友好区', 0, 100),
  (230705, 230700, 3, '西林区', 0, 100),
  (230706, 230700, 3, '翠峦区', 0, 100),
  (230707, 230700, 3, '新青区', 0, 100),
  (230708, 230700, 3, '美溪区', 0, 100),
  (230709, 230700, 3, '金山屯区', 0, 100),
  (230710, 230700, 3, '五营区', 0, 100),
  (230711, 230700, 3, '乌马河区', 0, 100),
  (230712, 230700, 3, '汤旺河区', 0, 100),
  (230713, 230700, 3, '带岭区', 0, 100),
  (230714, 230700, 3, '乌伊岭区', 0, 100),
  (230715, 230700, 3, '红星区', 0, 100),
  (230716, 230700, 3, '上甘岭区', 0, 100),
  (230722, 230700, 3, '嘉荫县', 0, 100),
  (230781, 230700, 3, '铁力市', 0, 100),
  (230800, 230000, 2, '佳木斯市', 0, 100),
  (230801, 230800, 3, '市辖区', 0, 100),
  (230803, 230800, 3, '向阳区', 0, 100),
  (230804, 230800, 3, '前进区', 0, 100),
  (230805, 230800, 3, '东风区', 0, 100),
  (230811, 230800, 3, '郊区', 0, 100),
  (230822, 230800, 3, '桦南县', 0, 100),
  (230826, 230800, 3, '桦川县', 0, 100),
  (230828, 230800, 3, '汤原县', 0, 100),
  (230881, 230800, 3, '同江市', 0, 100),
  (230882, 230800, 3, '富锦市', 0, 100),
  (230883, 230800, 3, '抚远市', 0, 100),
  (230900, 230000, 2, '七台河市', 0, 100),
  (230901, 230900, 3, '市辖区', 0, 100),
  (230902, 230900, 3, '新兴区', 0, 100),
  (230903, 230900, 3, '桃山区', 0, 100),
  (230904, 230900, 3, '茄子河区', 0, 100),
  (230921, 230900, 3, '勃利县', 0, 100),
  (231000, 230000, 2, '牡丹江市', 0, 100),
  (231001, 231000, 3, '市辖区', 0, 100),
  (231002, 231000, 3, '东安区', 0, 100),
  (231003, 231000, 3, '阳明区', 0, 100),
  (231004, 231000, 3, '爱民区', 0, 100),
  (231005, 231000, 3, '西安区', 0, 100),
  (231025, 231000, 3, '林口县', 0, 100),
  (231081, 231000, 3, '绥芬河市', 0, 100),
  (231083, 231000, 3, '海林市', 0, 100),
  (231084, 231000, 3, '宁安市', 0, 100),
  (231085, 231000, 3, '穆棱市', 0, 100),
  (231086, 231000, 3, '东宁市', 0, 100),
  (231100, 230000, 2, '黑河市', 0, 100),
  (231101, 231100, 3, '市辖区', 0, 100),
  (231102, 231100, 3, '爱辉区', 0, 100),
  (231121, 231100, 3, '嫩江县', 0, 100),
  (231123, 231100, 3, '逊克县', 0, 100),
  (231124, 231100, 3, '孙吴县', 0, 100),
  (231181, 231100, 3, '北安市', 0, 100),
  (231182, 231100, 3, '五大连池市', 0, 100),
  (231200, 230000, 2, '绥化市', 0, 100),
  (231201, 231200, 3, '市辖区', 0, 100),
  (231202, 231200, 3, '北林区', 0, 100),
  (231221, 231200, 3, '望奎县', 0, 100),
  (231222, 231200, 3, '兰西县', 0, 100),
  (231223, 231200, 3, '青冈县', 0, 100),
  (231224, 231200, 3, '庆安县', 0, 100),
  (231225, 231200, 3, '明水县', 0, 100),
  (231226, 231200, 3, '绥棱县', 0, 100),
  (231281, 231200, 3, '安达市', 0, 100),
  (231282, 231200, 3, '肇东市', 0, 100),
  (231283, 231200, 3, '海伦市', 0, 100),
  (232700, 230000, 2, '大兴安岭地区', 0, 100),
  (232721, 232700, 3, '呼玛县', 0, 100),
  (232722, 232700, 3, '塔河县', 0, 100),
  (232723, 232700, 3, '漠河县', 0, 100),
  (310000, 0, 1, '上海市', 0, 100),
  (310100, 310000, 2, '上海市', 0, 100),
  (310101, 310100, 3, '黄浦区', 0, 100),
  (310104, 310100, 3, '徐汇区', 0, 100),
  (310105, 310100, 3, '长宁区', 0, 100),
  (310106, 310100, 3, '静安区', 0, 100),
  (310107, 310100, 3, '普陀区', 0, 100),
  (310109, 310100, 3, '虹口区', 0, 100),
  (310110, 310100, 3, '杨浦区', 0, 100),
  (310112, 310100, 3, '闵行区', 0, 100),
  (310113, 310100, 3, '宝山区', 0, 100),
  (310114, 310100, 3, '嘉定区', 0, 100),
  (310115, 310100, 3, '浦东新区', 0, 100),
  (310116, 310100, 3, '金山区', 0, 100),
  (310117, 310100, 3, '松江区', 0, 100),
  (310118, 310100, 3, '青浦区', 0, 100),
  (310120, 310100, 3, '奉贤区', 0, 100),
  (310151, 310100, 3, '崇明区', 0, 100),
  (320000, 0, 1, '江苏省', 0, 100),
  (320100, 320000, 2, '南京市', 0, 100),
  (320101, 320100, 3, '市辖区', 0, 100),
  (320102, 320100, 3, '玄武区', 0, 100),
  (320104, 320100, 3, '秦淮区', 0, 100),
  (320105, 320100, 3, '建邺区', 0, 100),
  (320106, 320100, 3, '鼓楼区', 0, 100),
  (320111, 320100, 3, '浦口区', 0, 100),
  (320113, 320100, 3, '栖霞区', 0, 100),
  (320114, 320100, 3, '雨花台区', 0, 100),
  (320115, 320100, 3, '江宁区', 0, 100),
  (320116, 320100, 3, '六合区', 0, 100),
  (320117, 320100, 3, '溧水区', 0, 100),
  (320118, 320100, 3, '高淳区', 0, 100),
  (320200, 320000, 2, '无锡市', 0, 100),
  (320201, 320200, 3, '市辖区', 0, 100),
  (320205, 320200, 3, '锡山区', 0, 100),
  (320206, 320200, 3, '惠山区', 0, 100),
  (320211, 320200, 3, '滨湖区', 0, 100),
  (320213, 320200, 3, '梁溪区', 0, 100),
  (320214, 320200, 3, '新吴区', 0, 100),
  (320281, 320200, 3, '江阴市', 0, 100),
  (320282, 320200, 3, '宜兴市', 0, 100),
  (320300, 320000, 2, '徐州市', 0, 100),
  (320301, 320300, 3, '市辖区', 0, 100),
  (320302, 320300, 3, '鼓楼区', 0, 100),
  (320303, 320300, 3, '云龙区', 0, 100),
  (320305, 320300, 3, '贾汪区', 0, 100),
  (320311, 320300, 3, '泉山区', 0, 100),
  (320312, 320300, 3, '铜山区', 0, 100),
  (320321, 320300, 3, '丰县', 0, 100),
  (320322, 320300, 3, '沛县', 0, 100),
  (320324, 320300, 3, '睢宁县', 0, 100),
  (320381, 320300, 3, '新沂市', 0, 100),
  (320382, 320300, 3, '邳州市', 0, 100),
  (320400, 320000, 2, '常州市', 0, 100),
  (320401, 320400, 3, '市辖区', 0, 100),
  (320402, 320400, 3, '天宁区', 0, 100),
  (320404, 320400, 3, '钟楼区', 0, 100),
  (320411, 320400, 3, '新北区', 0, 100),
  (320412, 320400, 3, '武进区', 0, 100),
  (320413, 320400, 3, '金坛区', 0, 100),
  (320481, 320400, 3, '溧阳市', 0, 100),
  (320500, 320000, 2, '苏州市', 0, 100),
  (320501, 320500, 3, '市辖区', 0, 100),
  (320505, 320500, 3, '虎丘区', 0, 100),
  (320506, 320500, 3, '吴中区', 0, 100),
  (320507, 320500, 3, '相城区', 0, 100),
  (320508, 320500, 3, '姑苏区', 0, 100),
  (320509, 320500, 3, '吴江区', 0, 100),
  (320581, 320500, 3, '常熟市', 0, 100),
  (320582, 320500, 3, '张家港市', 0, 100),
  (320583, 320500, 3, '昆山市', 0, 100),
  (320585, 320500, 3, '太仓市', 0, 100),
  (320600, 320000, 2, '南通市', 0, 100),
  (320601, 320600, 3, '市辖区', 0, 100),
  (320602, 320600, 3, '崇川区', 0, 100),
  (320611, 320600, 3, '港闸区', 0, 100),
  (320612, 320600, 3, '通州区', 0, 100),
  (320621, 320600, 3, '海安县', 0, 100),
  (320623, 320600, 3, '如东县', 0, 100),
  (320681, 320600, 3, '启东市', 0, 100),
  (320682, 320600, 3, '如皋市', 0, 100),
  (320684, 320600, 3, '海门市', 0, 100),
  (320700, 320000, 2, '连云港市', 0, 100),
  (320701, 320700, 3, '市辖区', 0, 100),
  (320703, 320700, 3, '连云区', 0, 100),
  (320706, 320700, 3, '海州区', 0, 100),
  (320707, 320700, 3, '赣榆区', 0, 100),
  (320722, 320700, 3, '东海县', 0, 100),
  (320723, 320700, 3, '灌云县', 0, 100),
  (320724, 320700, 3, '灌南县', 0, 100),
  (320800, 320000, 2, '淮安市', 0, 100),
  (320801, 320800, 3, '市辖区', 0, 100),
  (320803, 320800, 3, '淮安区', 0, 100),
  (320804, 320800, 3, '淮阴区', 0, 100),
  (320812, 320800, 3, '清江浦区', 0, 100),
  (320813, 320800, 3, '洪泽区', 0, 100),
  (320826, 320800, 3, '涟水县', 0, 100),
  (320830, 320800, 3, '盱眙县', 0, 100),
  (320831, 320800, 3, '金湖县', 0, 100),
  (320900, 320000, 2, '盐城市', 0, 100),
  (320901, 320900, 3, '市辖区', 0, 100),
  (320902, 320900, 3, '亭湖区', 0, 100),
  (320903, 320900, 3, '盐都区', 0, 100),
  (320904, 320900, 3, '大丰区', 0, 100),
  (320921, 320900, 3, '响水县', 0, 100),
  (320922, 320900, 3, '滨海县', 0, 100),
  (320923, 320900, 3, '阜宁县', 0, 100),
  (320924, 320900, 3, '射阳县', 0, 100),
  (320925, 320900, 3, '建湖县', 0, 100),
  (320981, 320900, 3, '东台市', 0, 100),
  (321000, 320000, 2, '扬州市', 0, 100),
  (321001, 321000, 3, '市辖区', 0, 100),
  (321002, 321000, 3, '广陵区', 0, 100),
  (321003, 321000, 3, '邗江区', 0, 100),
  (321012, 321000, 3, '江都区', 0, 100),
  (321023, 321000, 3, '宝应县', 0, 100),
  (321081, 321000, 3, '仪征市', 0, 100),
  (321084, 321000, 3, '高邮市', 0, 100),
  (321100, 320000, 2, '镇江市', 0, 100),
  (321101, 321100, 3, '市辖区', 0, 100),
  (321102, 321100, 3, '京口区', 0, 100),
  (321111, 321100, 3, '润州区', 0, 100),
  (321112, 321100, 3, '丹徒区', 0, 100),
  (321181, 321100, 3, '丹阳市', 0, 100),
  (321182, 321100, 3, '扬中市', 0, 100),
  (321183, 321100, 3, '句容市', 0, 100),
  (321200, 320000, 2, '泰州市', 0, 100),
  (321201, 321200, 3, '市辖区', 0, 100),
  (321202, 321200, 3, '海陵区', 0, 100),
  (321203, 321200, 3, '高港区', 0, 100),
  (321204, 321200, 3, '姜堰区', 0, 100),
  (321281, 321200, 3, '兴化市', 0, 100),
  (321282, 321200, 3, '靖江市', 0, 100),
  (321283, 321200, 3, '泰兴市', 0, 100),
  (321300, 320000, 2, '宿迁市', 0, 100),
  (321301, 321300, 3, '市辖区', 0, 100),
  (321302, 321300, 3, '宿城区', 0, 100),
  (321311, 321300, 3, '宿豫区', 0, 100),
  (321322, 321300, 3, '沭阳县', 0, 100),
  (321323, 321300, 3, '泗阳县', 0, 100),
  (321324, 321300, 3, '泗洪县', 0, 100),
  (330000, 0, 1, '浙江省', 0, 100),
  (330100, 330000, 2, '杭州市', 0, 100),
  (330101, 330100, 3, '市辖区', 0, 100),
  (330102, 330100, 3, '上城区', 0, 100),
  (330103, 330100, 3, '下城区', 0, 100),
  (330104, 330100, 3, '江干区', 0, 100),
  (330105, 330100, 3, '拱墅区', 0, 100),
  (330106, 330100, 3, '西湖区', 0, 100),
  (330108, 330100, 3, '滨江区', 0, 100),
  (330109, 330100, 3, '萧山区', 0, 100),
  (330110, 330100, 3, '余杭区', 0, 100),
  (330111, 330100, 3, '富阳区', 0, 100),
  (330122, 330100, 3, '桐庐县', 0, 100),
  (330127, 330100, 3, '淳安县', 0, 100),
  (330182, 330100, 3, '建德市', 0, 100),
  (330185, 330100, 3, '临安市', 0, 100),
  (330200, 330000, 2, '宁波市', 0, 100),
  (330201, 330200, 3, '市辖区', 0, 100),
  (330203, 330200, 3, '海曙区', 0, 100),
  (330204, 330200, 3, '江东区', 0, 100),
  (330205, 330200, 3, '江北区', 0, 100),
  (330206, 330200, 3, '北仑区', 0, 100),
  (330211, 330200, 3, '镇海区', 0, 100),
  (330212, 330200, 3, '鄞州区', 0, 100),
  (330225, 330200, 3, '象山县', 0, 100),
  (330226, 330200, 3, '宁海县', 0, 100),
  (330281, 330200, 3, '余姚市', 0, 100),
  (330282, 330200, 3, '慈溪市', 0, 100),
  (330283, 330200, 3, '奉化市', 0, 100),
  (330300, 330000, 2, '温州市', 0, 100),
  (330301, 330300, 3, '市辖区', 0, 100),
  (330302, 330300, 3, '鹿城区', 0, 100),
  (330303, 330300, 3, '龙湾区', 0, 100),
  (330304, 330300, 3, '瓯海区', 0, 100),
  (330305, 330300, 3, '洞头区', 0, 100),
  (330324, 330300, 3, '永嘉县', 0, 100),
  (330326, 330300, 3, '平阳县', 0, 100),
  (330327, 330300, 3, '苍南县', 0, 100),
  (330328, 330300, 3, '文成县', 0, 100),
  (330329, 330300, 3, '泰顺县', 0, 100),
  (330381, 330300, 3, '瑞安市', 0, 100),
  (330382, 330300, 3, '乐清市', 0, 100),
  (330400, 330000, 2, '嘉兴市', 0, 100),
  (330401, 330400, 3, '市辖区', 0, 100),
  (330402, 330400, 3, '南湖区', 0, 100),
  (330411, 330400, 3, '秀洲区', 0, 100),
  (330421, 330400, 3, '嘉善县', 0, 100),
  (330424, 330400, 3, '海盐县', 0, 100),
  (330481, 330400, 3, '海宁市', 0, 100),
  (330482, 330400, 3, '平湖市', 0, 100),
  (330483, 330400, 3, '桐乡市', 0, 100),
  (330500, 330000, 2, '湖州市', 0, 100),
  (330501, 330500, 3, '市辖区', 0, 100),
  (330502, 330500, 3, '吴兴区', 0, 100),
  (330503, 330500, 3, '南浔区', 0, 100),
  (330521, 330500, 3, '德清县', 0, 100),
  (330522, 330500, 3, '长兴县', 0, 100),
  (330523, 330500, 3, '安吉县', 0, 100),
  (330600, 330000, 2, '绍兴市', 0, 100),
  (330601, 330600, 3, '市辖区', 0, 100),
  (330602, 330600, 3, '越城区', 0, 100),
  (330603, 330600, 3, '柯桥区', 0, 100),
  (330604, 330600, 3, '上虞区', 0, 100),
  (330624, 330600, 3, '新昌县', 0, 100),
  (330681, 330600, 3, '诸暨市', 0, 100),
  (330683, 330600, 3, '嵊州市', 0, 100),
  (330700, 330000, 2, '金华市', 0, 100),
  (330701, 330700, 3, '市辖区', 0, 100),
  (330702, 330700, 3, '婺城区', 0, 100),
  (330703, 330700, 3, '金东区', 0, 100),
  (330723, 330700, 3, '武义县', 0, 100),
  (330726, 330700, 3, '浦江县', 0, 100),
  (330727, 330700, 3, '磐安县', 0, 100),
  (330781, 330700, 3, '兰溪市', 0, 100),
  (330782, 330700, 3, '义乌市', 0, 100),
  (330783, 330700, 3, '东阳市', 0, 100),
  (330784, 330700, 3, '永康市', 0, 100),
  (330800, 330000, 2, '衢州市', 0, 100),
  (330801, 330800, 3, '市辖区', 0, 100),
  (330802, 330800, 3, '柯城区', 0, 100),
  (330803, 330800, 3, '衢江区', 0, 100),
  (330822, 330800, 3, '常山县', 0, 100),
  (330824, 330800, 3, '开化县', 0, 100),
  (330825, 330800, 3, '龙游县', 0, 100),
  (330881, 330800, 3, '江山市', 0, 100),
  (330900, 330000, 2, '舟山市', 0, 100),
  (330901, 330900, 3, '市辖区', 0, 100),
  (330902, 330900, 3, '定海区', 0, 100),
  (330903, 330900, 3, '普陀区', 0, 100),
  (330921, 330900, 3, '岱山县', 0, 100),
  (330922, 330900, 3, '嵊泗县', 0, 100),
  (331000, 330000, 2, '台州市', 0, 100),
  (331001, 331000, 3, '市辖区', 0, 100),
  (331002, 331000, 3, '椒江区', 0, 100),
  (331003, 331000, 3, '黄岩区', 0, 100),
  (331004, 331000, 3, '路桥区', 0, 100),
  (331021, 331000, 3, '玉环县', 0, 100),
  (331022, 331000, 3, '三门县', 0, 100),
  (331023, 331000, 3, '天台县', 0, 100),
  (331024, 331000, 3, '仙居县', 0, 100),
  (331081, 331000, 3, '温岭市', 0, 100),
  (331082, 331000, 3, '临海市', 0, 100),
  (331100, 330000, 2, '丽水市', 0, 100),
  (331101, 331100, 3, '市辖区', 0, 100),
  (331102, 331100, 3, '莲都区', 0, 100),
  (331121, 331100, 3, '青田县', 0, 100),
  (331122, 331100, 3, '缙云县', 0, 100),
  (331123, 331100, 3, '遂昌县', 0, 100),
  (331124, 331100, 3, '松阳县', 0, 100),
  (331125, 331100, 3, '云和县', 0, 100),
  (331126, 331100, 3, '庆元县', 0, 100),
  (331127, 331100, 3, '景宁畲族自治县', 0, 100),
  (331181, 331100, 3, '龙泉市', 0, 100),
  (340000, 0, 1, '安徽省', 0, 100),
  (340100, 340000, 2, '合肥市', 0, 100),
  (340101, 340100, 3, '市辖区', 0, 100),
  (340102, 340100, 3, '瑶海区', 0, 100),
  (340103, 340100, 3, '庐阳区', 0, 100),
  (340104, 340100, 3, '蜀山区', 0, 100),
  (340111, 340100, 3, '包河区', 0, 100),
  (340121, 340100, 3, '长丰县', 0, 100),
  (340122, 340100, 3, '肥东县', 0, 100),
  (340123, 340100, 3, '肥西县', 0, 100),
  (340124, 340100, 3, '庐江县', 0, 100),
  (340181, 340100, 3, '巢湖市', 0, 100),
  (340200, 340000, 2, '芜湖市', 0, 100),
  (340201, 340200, 3, '市辖区', 0, 100),
  (340202, 340200, 3, '镜湖区', 0, 100),
  (340203, 340200, 3, '弋江区', 0, 100),
  (340207, 340200, 3, '鸠江区', 0, 100),
  (340208, 340200, 3, '三山区', 0, 100),
  (340221, 340200, 3, '芜湖县', 0, 100),
  (340222, 340200, 3, '繁昌县', 0, 100),
  (340223, 340200, 3, '南陵县', 0, 100),
  (340225, 340200, 3, '无为县', 0, 100),
  (340300, 340000, 2, '蚌埠市', 0, 100),
  (340301, 340300, 3, '市辖区', 0, 100),
  (340302, 340300, 3, '龙子湖区', 0, 100),
  (340303, 340300, 3, '蚌山区', 0, 100),
  (340304, 340300, 3, '禹会区', 0, 100),
  (340311, 340300, 3, '淮上区', 0, 100),
  (340321, 340300, 3, '怀远县', 0, 100),
  (340322, 340300, 3, '五河县', 0, 100),
  (340323, 340300, 3, '固镇县', 0, 100),
  (340400, 340000, 2, '淮南市', 0, 100),
  (340401, 340400, 3, '市辖区', 0, 100),
  (340402, 340400, 3, '大通区', 0, 100),
  (340403, 340400, 3, '田家庵区', 0, 100),
  (340404, 340400, 3, '谢家集区', 0, 100),
  (340405, 340400, 3, '八公山区', 0, 100),
  (340406, 340400, 3, '潘集区', 0, 100),
  (340421, 340400, 3, '凤台县', 0, 100),
  (340422, 340400, 3, '寿县', 0, 100),
  (340500, 340000, 2, '马鞍山市', 0, 100),
  (340501, 340500, 3, '市辖区', 0, 100),
  (340503, 340500, 3, '花山区', 0, 100),
  (340504, 340500, 3, '雨山区', 0, 100),
  (340506, 340500, 3, '博望区', 0, 100),
  (340521, 340500, 3, '当涂县', 0, 100),
  (340522, 340500, 3, '含山县', 0, 100),
  (340523, 340500, 3, '和县', 0, 100),
  (340600, 340000, 2, '淮北市', 0, 100),
  (340601, 340600, 3, '市辖区', 0, 100),
  (340602, 340600, 3, '杜集区', 0, 100),
  (340603, 340600, 3, '相山区', 0, 100),
  (340604, 340600, 3, '烈山区', 0, 100),
  (340621, 340600, 3, '濉溪县', 0, 100),
  (340700, 340000, 2, '铜陵市', 0, 100),
  (340701, 340700, 3, '市辖区', 0, 100),
  (340705, 340700, 3, '铜官区', 0, 100),
  (340706, 340700, 3, '义安区', 0, 100),
  (340711, 340700, 3, '郊区', 0, 100),
  (340722, 340700, 3, '枞阳县', 0, 100),
  (340800, 340000, 2, '安庆市', 0, 100),
  (340801, 340800, 3, '市辖区', 0, 100),
  (340802, 340800, 3, '迎江区', 0, 100),
  (340803, 340800, 3, '大观区', 0, 100),
  (340811, 340800, 3, '宜秀区', 0, 100),
  (340822, 340800, 3, '怀宁县', 0, 100),
  (340824, 340800, 3, '潜山县', 0, 100),
  (340825, 340800, 3, '太湖县', 0, 100),
  (340826, 340800, 3, '宿松县', 0, 100),
  (340827, 340800, 3, '望江县', 0, 100),
  (340828, 340800, 3, '岳西县', 0, 100),
  (340881, 340800, 3, '桐城市', 0, 100),
  (341000, 340000, 2, '黄山市', 0, 100),
  (341001, 341000, 3, '市辖区', 0, 100),
  (341002, 341000, 3, '屯溪区', 0, 100),
  (341003, 341000, 3, '黄山区', 0, 100),
  (341004, 341000, 3, '徽州区', 0, 100),
  (341021, 341000, 3, '歙县', 0, 100),
  (341022, 341000, 3, '休宁县', 0, 100),
  (341023, 341000, 3, '黟县', 0, 100),
  (341024, 341000, 3, '祁门县', 0, 100),
  (341100, 340000, 2, '滁州市', 0, 100),
  (341101, 341100, 3, '市辖区', 0, 100),
  (341102, 341100, 3, '琅琊区', 0, 100),
  (341103, 341100, 3, '南谯区', 0, 100),
  (341122, 341100, 3, '来安县', 0, 100),
  (341124, 341100, 3, '全椒县', 0, 100),
  (341125, 341100, 3, '定远县', 0, 100),
  (341126, 341100, 3, '凤阳县', 0, 100),
  (341181, 341100, 3, '天长市', 0, 100),
  (341182, 341100, 3, '明光市', 0, 100),
  (341200, 340000, 2, '阜阳市', 0, 100),
  (341201, 341200, 3, '市辖区', 0, 100),
  (341202, 341200, 3, '颍州区', 0, 100),
  (341203, 341200, 3, '颍东区', 0, 100),
  (341204, 341200, 3, '颍泉区', 0, 100),
  (341221, 341200, 3, '临泉县', 0, 100),
  (341222, 341200, 3, '太和县', 0, 100),
  (341225, 341200, 3, '阜南县', 0, 100),
  (341226, 341200, 3, '颍上县', 0, 100),
  (341282, 341200, 3, '界首市', 0, 100),
  (341300, 340000, 2, '宿州市', 0, 100),
  (341301, 341300, 3, '市辖区', 0, 100),
  (341302, 341300, 3, '埇桥区', 0, 100),
  (341321, 341300, 3, '砀山县', 0, 100),
  (341322, 341300, 3, '萧县', 0, 100),
  (341323, 341300, 3, '灵璧县', 0, 100),
  (341324, 341300, 3, '泗县', 0, 100),
  (341500, 340000, 2, '六安市', 0, 100),
  (341501, 341500, 3, '市辖区', 0, 100),
  (341502, 341500, 3, '金安区', 0, 100),
  (341503, 341500, 3, '裕安区', 0, 100),
  (341504, 341500, 3, '叶集区', 0, 100),
  (341522, 341500, 3, '霍邱县', 0, 100),
  (341523, 341500, 3, '舒城县', 0, 100),
  (341524, 341500, 3, '金寨县', 0, 100),
  (341525, 341500, 3, '霍山县', 0, 100),
  (341600, 340000, 2, '亳州市', 0, 100),
  (341601, 341600, 3, '市辖区', 0, 100),
  (341602, 341600, 3, '谯城区', 0, 100),
  (341621, 341600, 3, '涡阳县', 0, 100),
  (341622, 341600, 3, '蒙城县', 0, 100),
  (341623, 341600, 3, '利辛县', 0, 100),
  (341700, 340000, 2, '池州市', 0, 100),
  (341701, 341700, 3, '市辖区', 0, 100),
  (341702, 341700, 3, '贵池区', 0, 100),
  (341721, 341700, 3, '东至县', 0, 100),
  (341722, 341700, 3, '石台县', 0, 100),
  (341723, 341700, 3, '青阳县', 0, 100),
  (341800, 340000, 2, '宣城市', 0, 100),
  (341801, 341800, 3, '市辖区', 0, 100),
  (341802, 341800, 3, '宣州区', 0, 100),
  (341821, 341800, 3, '郎溪县', 0, 100),
  (341822, 341800, 3, '广德县', 0, 100),
  (341823, 341800, 3, '泾县', 0, 100),
  (341824, 341800, 3, '绩溪县', 0, 100),
  (341825, 341800, 3, '旌德县', 0, 100),
  (341881, 341800, 3, '宁国市', 0, 100),
  (350000, 0, 1, '福建省', 0, 100),
  (350100, 350000, 2, '福州市', 0, 100),
  (350101, 350100, 3, '市辖区', 0, 100),
  (350102, 350100, 3, '鼓楼区', 0, 100),
  (350103, 350100, 3, '台江区', 0, 100),
  (350104, 350100, 3, '仓山区', 0, 100),
  (350105, 350100, 3, '马尾区', 0, 100),
  (350111, 350100, 3, '晋安区', 0, 100),
  (350121, 350100, 3, '闽侯县', 0, 100),
  (350122, 350100, 3, '连江县', 0, 100),
  (350123, 350100, 3, '罗源县', 0, 100),
  (350124, 350100, 3, '闽清县', 0, 100),
  (350125, 350100, 3, '永泰县', 0, 100),
  (350128, 350100, 3, '平潭县', 0, 100),
  (350181, 350100, 3, '福清市', 0, 100),
  (350182, 350100, 3, '长乐市', 0, 100),
  (350200, 350000, 2, '厦门市', 0, 100),
  (350201, 350200, 3, '市辖区', 0, 100),
  (350203, 350200, 3, '思明区', 0, 100),
  (350205, 350200, 3, '海沧区', 0, 100),
  (350206, 350200, 3, '湖里区', 0, 100),
  (350211, 350200, 3, '集美区', 0, 100),
  (350212, 350200, 3, '同安区', 0, 100),
  (350213, 350200, 3, '翔安区', 0, 100),
  (350300, 350000, 2, '莆田市', 0, 100),
  (350301, 350300, 3, '市辖区', 0, 100),
  (350302, 350300, 3, '城厢区', 0, 100),
  (350303, 350300, 3, '涵江区', 0, 100),
  (350304, 350300, 3, '荔城区', 0, 100),
  (350305, 350300, 3, '秀屿区', 0, 100),
  (350322, 350300, 3, '仙游县', 0, 100),
  (350400, 350000, 2, '三明市', 0, 100),
  (350401, 350400, 3, '市辖区', 0, 100),
  (350402, 350400, 3, '梅列区', 0, 100),
  (350403, 350400, 3, '三元区', 0, 100),
  (350421, 350400, 3, '明溪县', 0, 100),
  (350423, 350400, 3, '清流县', 0, 100),
  (350424, 350400, 3, '宁化县', 0, 100),
  (350425, 350400, 3, '大田县', 0, 100),
  (350426, 350400, 3, '尤溪县', 0, 100),
  (350427, 350400, 3, '沙县', 0, 100),
  (350428, 350400, 3, '将乐县', 0, 100),
  (350429, 350400, 3, '泰宁县', 0, 100),
  (350430, 350400, 3, '建宁县', 0, 100),
  (350481, 350400, 3, '永安市', 0, 100),
  (350500, 350000, 2, '泉州市', 0, 100),
  (350501, 350500, 3, '市辖区', 0, 100),
  (350502, 350500, 3, '鲤城区', 0, 100),
  (350503, 350500, 3, '丰泽区', 0, 100),
  (350504, 350500, 3, '洛江区', 0, 100),
  (350505, 350500, 3, '泉港区', 0, 100),
  (350521, 350500, 3, '惠安县', 0, 100),
  (350524, 350500, 3, '安溪县', 0, 100),
  (350525, 350500, 3, '永春县', 0, 100),
  (350526, 350500, 3, '德化县', 0, 100),
  (350527, 350500, 3, '金门县', 0, 100),
  (350581, 350500, 3, '石狮市', 0, 100),
  (350582, 350500, 3, '晋江市', 0, 100),
  (350583, 350500, 3, '南安市', 0, 100),
  (350600, 350000, 2, '漳州市', 0, 100),
  (350601, 350600, 3, '市辖区', 0, 100),
  (350602, 350600, 3, '芗城区', 0, 100),
  (350603, 350600, 3, '龙文区', 0, 100),
  (350622, 350600, 3, '云霄县', 0, 100),
  (350623, 350600, 3, '漳浦县', 0, 100),
  (350624, 350600, 3, '诏安县', 0, 100),
  (350625, 350600, 3, '长泰县', 0, 100),
  (350626, 350600, 3, '东山县', 0, 100),
  (350627, 350600, 3, '南靖县', 0, 100),
  (350628, 350600, 3, '平和县', 0, 100),
  (350629, 350600, 3, '华安县', 0, 100),
  (350681, 350600, 3, '龙海市', 0, 100),
  (350700, 350000, 2, '南平市', 0, 100),
  (350701, 350700, 3, '市辖区', 0, 100),
  (350702, 350700, 3, '延平区', 0, 100),
  (350703, 350700, 3, '建阳区', 0, 100),
  (350721, 350700, 3, '顺昌县', 0, 100),
  (350722, 350700, 3, '浦城县', 0, 100),
  (350723, 350700, 3, '光泽县', 0, 100),
  (350724, 350700, 3, '松溪县', 0, 100),
  (350725, 350700, 3, '政和县', 0, 100),
  (350781, 350700, 3, '邵武市', 0, 100),
  (350782, 350700, 3, '武夷山市', 0, 100),
  (350783, 350700, 3, '建瓯市', 0, 100),
  (350800, 350000, 2, '龙岩市', 0, 100),
  (350801, 350800, 3, '市辖区', 0, 100),
  (350802, 350800, 3, '新罗区', 0, 100),
  (350803, 350800, 3, '永定区', 0, 100),
  (350821, 350800, 3, '长汀县', 0, 100),
  (350823, 350800, 3, '上杭县', 0, 100),
  (350824, 350800, 3, '武平县', 0, 100),
  (350825, 350800, 3, '连城县', 0, 100),
  (350881, 350800, 3, '漳平市', 0, 100),
  (350900, 350000, 2, '宁德市', 0, 100),
  (350901, 350900, 3, '市辖区', 0, 100),
  (350902, 350900, 3, '蕉城区', 0, 100),
  (350921, 350900, 3, '霞浦县', 0, 100),
  (350922, 350900, 3, '古田县', 0, 100),
  (350923, 350900, 3, '屏南县', 0, 100),
  (350924, 350900, 3, '寿宁县', 0, 100),
  (350925, 350900, 3, '周宁县', 0, 100),
  (350926, 350900, 3, '柘荣县', 0, 100),
  (350981, 350900, 3, '福安市', 0, 100),
  (350982, 350900, 3, '福鼎市', 0, 100),
  (360000, 0, 1, '江西省', 0, 100),
  (360100, 360000, 2, '南昌市', 0, 100),
  (360101, 360100, 3, '市辖区', 0, 100),
  (360102, 360100, 3, '东湖区', 0, 100),
  (360103, 360100, 3, '西湖区', 0, 100),
  (360104, 360100, 3, '青云谱区', 0, 100),
  (360105, 360100, 3, '湾里区', 0, 100),
  (360111, 360100, 3, '青山湖区', 0, 100),
  (360112, 360100, 3, '新建区', 0, 100),
  (360121, 360100, 3, '南昌县', 0, 100),
  (360123, 360100, 3, '安义县', 0, 100),
  (360124, 360100, 3, '进贤县', 0, 100),
  (360200, 360000, 2, '景德镇市', 0, 100),
  (360201, 360200, 3, '市辖区', 0, 100),
  (360202, 360200, 3, '昌江区', 0, 100),
  (360203, 360200, 3, '珠山区', 0, 100),
  (360222, 360200, 3, '浮梁县', 0, 100),
  (360281, 360200, 3, '乐平市', 0, 100),
  (360300, 360000, 2, '萍乡市', 0, 100),
  (360301, 360300, 3, '市辖区', 0, 100),
  (360302, 360300, 3, '安源区', 0, 100),
  (360313, 360300, 3, '湘东区', 0, 100),
  (360321, 360300, 3, '莲花县', 0, 100),
  (360322, 360300, 3, '上栗县', 0, 100),
  (360323, 360300, 3, '芦溪县', 0, 100),
  (360400, 360000, 2, '九江市', 0, 100),
  (360401, 360400, 3, '市辖区', 0, 100),
  (360402, 360400, 3, '濂溪区', 0, 100),
  (360403, 360400, 3, '浔阳区', 0, 100),
  (360421, 360400, 3, '九江县', 0, 100),
  (360423, 360400, 3, '武宁县', 0, 100),
  (360424, 360400, 3, '修水县', 0, 100),
  (360425, 360400, 3, '永修县', 0, 100),
  (360426, 360400, 3, '德安县', 0, 100),
  (360428, 360400, 3, '都昌县', 0, 100),
  (360429, 360400, 3, '湖口县', 0, 100),
  (360430, 360400, 3, '彭泽县', 0, 100),
  (360481, 360400, 3, '瑞昌市', 0, 100),
  (360482, 360400, 3, '共青城市', 0, 100),
  (360483, 360400, 3, '庐山市', 0, 100),
  (360500, 360000, 2, '新余市', 0, 100),
  (360501, 360500, 3, '市辖区', 0, 100),
  (360502, 360500, 3, '渝水区', 0, 100),
  (360521, 360500, 3, '分宜县', 0, 100),
  (360600, 360000, 2, '鹰潭市', 0, 100),
  (360601, 360600, 3, '市辖区', 0, 100),
  (360602, 360600, 3, '月湖区', 0, 100),
  (360622, 360600, 3, '余江县', 0, 100),
  (360681, 360600, 3, '贵溪市', 0, 100),
  (360700, 360000, 2, '赣州市', 0, 100),
  (360701, 360700, 3, '市辖区', 0, 100),
  (360702, 360700, 3, '章贡区', 0, 100),
  (360703, 360700, 3, '南康区', 0, 100),
  (360721, 360700, 3, '赣县', 0, 100),
  (360722, 360700, 3, '信丰县', 0, 100),
  (360723, 360700, 3, '大余县', 0, 100),
  (360724, 360700, 3, '上犹县', 0, 100),
  (360725, 360700, 3, '崇义县', 0, 100),
  (360726, 360700, 3, '安远县', 0, 100),
  (360727, 360700, 3, '龙南县', 0, 100),
  (360728, 360700, 3, '定南县', 0, 100),
  (360729, 360700, 3, '全南县', 0, 100),
  (360730, 360700, 3, '宁都县', 0, 100),
  (360731, 360700, 3, '于都县', 0, 100),
  (360732, 360700, 3, '兴国县', 0, 100),
  (360733, 360700, 3, '会昌县', 0, 100),
  (360734, 360700, 3, '寻乌县', 0, 100),
  (360735, 360700, 3, '石城县', 0, 100),
  (360781, 360700, 3, '瑞金市', 0, 100),
  (360800, 360000, 2, '吉安市', 0, 100),
  (360801, 360800, 3, '市辖区', 0, 100),
  (360802, 360800, 3, '吉州区', 0, 100),
  (360803, 360800, 3, '青原区', 0, 100),
  (360821, 360800, 3, '吉安县', 0, 100),
  (360822, 360800, 3, '吉水县', 0, 100),
  (360823, 360800, 3, '峡江县', 0, 100),
  (360824, 360800, 3, '新干县', 0, 100),
  (360825, 360800, 3, '永丰县', 0, 100),
  (360826, 360800, 3, '泰和县', 0, 100),
  (360827, 360800, 3, '遂川县', 0, 100),
  (360828, 360800, 3, '万安县', 0, 100),
  (360829, 360800, 3, '安福县', 0, 100),
  (360830, 360800, 3, '永新县', 0, 100),
  (360881, 360800, 3, '井冈山市', 0, 100),
  (360900, 360000, 2, '宜春市', 0, 100),
  (360901, 360900, 3, '市辖区', 0, 100),
  (360902, 360900, 3, '袁州区', 0, 100),
  (360921, 360900, 3, '奉新县', 0, 100),
  (360922, 360900, 3, '万载县', 0, 100),
  (360923, 360900, 3, '上高县', 0, 100),
  (360924, 360900, 3, '宜丰县', 0, 100),
  (360925, 360900, 3, '靖安县', 0, 100),
  (360926, 360900, 3, '铜鼓县', 0, 100),
  (360981, 360900, 3, '丰城市', 0, 100),
  (360982, 360900, 3, '樟树市', 0, 100),
  (360983, 360900, 3, '高安市', 0, 100),
  (361000, 360000, 2, '抚州市', 0, 100),
  (361001, 361000, 3, '市辖区', 0, 100),
  (361002, 361000, 3, '临川区', 0, 100),
  (361021, 361000, 3, '南城县', 0, 100),
  (361022, 361000, 3, '黎川县', 0, 100),
  (361023, 361000, 3, '南丰县', 0, 100),
  (361024, 361000, 3, '崇仁县', 0, 100),
  (361025, 361000, 3, '乐安县', 0, 100),
  (361026, 361000, 3, '宜黄县', 0, 100),
  (361027, 361000, 3, '金溪县', 0, 100),
  (361028, 361000, 3, '资溪县', 0, 100),
  (361029, 361000, 3, '东乡县', 0, 100);
INSERT INTO `area` (`id`, `parent_id`, `depth`, `name`, `postal_code`, `sort`) VALUES
  (361030, 361000, 3, '广昌县', 0, 100),
  (361100, 360000, 2, '上饶市', 0, 100),
  (361101, 361100, 3, '市辖区', 0, 100),
  (361102, 361100, 3, '信州区', 0, 100),
  (361103, 361100, 3, '广丰区', 0, 100),
  (361121, 361100, 3, '上饶县', 0, 100),
  (361123, 361100, 3, '玉山县', 0, 100),
  (361124, 361100, 3, '铅山县', 0, 100),
  (361125, 361100, 3, '横峰县', 0, 100),
  (361126, 361100, 3, '弋阳县', 0, 100),
  (361127, 361100, 3, '余干县', 0, 100),
  (361128, 361100, 3, '鄱阳县', 0, 100),
  (361129, 361100, 3, '万年县', 0, 100),
  (361130, 361100, 3, '婺源县', 0, 100),
  (361181, 361100, 3, '德兴市', 0, 100),
  (370000, 0, 1, '山东省', 0, 100),
  (370100, 370000, 2, '济南市', 0, 100),
  (370101, 370100, 3, '市辖区', 0, 100),
  (370102, 370100, 3, '历下区', 0, 100),
  (370103, 370100, 3, '市中区', 0, 100),
  (370104, 370100, 3, '槐荫区', 0, 100),
  (370105, 370100, 3, '天桥区', 0, 100),
  (370112, 370100, 3, '历城区', 0, 100),
  (370113, 370100, 3, '长清区', 0, 100),
  (370124, 370100, 3, '平阴县', 0, 100),
  (370125, 370100, 3, '济阳县', 0, 100),
  (370126, 370100, 3, '商河县', 0, 100),
  (370181, 370100, 3, '章丘市', 0, 100),
  (370200, 370000, 2, '青岛市', 0, 100),
  (370201, 370200, 3, '市辖区', 0, 100),
  (370202, 370200, 3, '市南区', 0, 100),
  (370203, 370200, 3, '市北区', 0, 100),
  (370211, 370200, 3, '黄岛区', 0, 100),
  (370212, 370200, 3, '崂山区', 0, 100),
  (370213, 370200, 3, '李沧区', 0, 100),
  (370214, 370200, 3, '城阳区', 0, 100),
  (370281, 370200, 3, '胶州市', 0, 100),
  (370282, 370200, 3, '即墨市', 0, 100),
  (370283, 370200, 3, '平度市', 0, 100),
  (370285, 370200, 3, '莱西市', 0, 100),
  (370300, 370000, 2, '淄博市', 0, 100),
  (370301, 370300, 3, '市辖区', 0, 100),
  (370302, 370300, 3, '淄川区', 0, 100),
  (370303, 370300, 3, '张店区', 0, 100),
  (370304, 370300, 3, '博山区', 0, 100),
  (370305, 370300, 3, '临淄区', 0, 100),
  (370306, 370300, 3, '周村区', 0, 100),
  (370321, 370300, 3, '桓台县', 0, 100),
  (370322, 370300, 3, '高青县', 0, 100),
  (370323, 370300, 3, '沂源县', 0, 100),
  (370400, 370000, 2, '枣庄市', 0, 100),
  (370401, 370400, 3, '市辖区', 0, 100),
  (370402, 370400, 3, '市中区', 0, 100),
  (370403, 370400, 3, '薛城区', 0, 100),
  (370404, 370400, 3, '峄城区', 0, 100),
  (370405, 370400, 3, '台儿庄区', 0, 100),
  (370406, 370400, 3, '山亭区', 0, 100),
  (370481, 370400, 3, '滕州市', 0, 100),
  (370500, 370000, 2, '东营市', 0, 100),
  (370501, 370500, 3, '市辖区', 0, 100),
  (370502, 370500, 3, '东营区', 0, 100),
  (370503, 370500, 3, '河口区', 0, 100),
  (370505, 370500, 3, '垦利区', 0, 100),
  (370522, 370500, 3, '利津县', 0, 100),
  (370523, 370500, 3, '广饶县', 0, 100),
  (370600, 370000, 2, '烟台市', 0, 100),
  (370601, 370600, 3, '市辖区', 0, 100),
  (370602, 370600, 3, '芝罘区', 0, 100),
  (370611, 370600, 3, '福山区', 0, 100),
  (370612, 370600, 3, '牟平区', 0, 100),
  (370613, 370600, 3, '莱山区', 0, 100),
  (370634, 370600, 3, '长岛县', 0, 100),
  (370681, 370600, 3, '龙口市', 0, 100),
  (370682, 370600, 3, '莱阳市', 0, 100),
  (370683, 370600, 3, '莱州市', 0, 100),
  (370684, 370600, 3, '蓬莱市', 0, 100),
  (370685, 370600, 3, '招远市', 0, 100),
  (370686, 370600, 3, '栖霞市', 0, 100),
  (370687, 370600, 3, '海阳市', 0, 100),
  (370700, 370000, 2, '潍坊市', 0, 100),
  (370701, 370700, 3, '市辖区', 0, 100),
  (370702, 370700, 3, '潍城区', 0, 100),
  (370703, 370700, 3, '寒亭区', 0, 100),
  (370704, 370700, 3, '坊子区', 0, 100),
  (370705, 370700, 3, '奎文区', 0, 100),
  (370724, 370700, 3, '临朐县', 0, 100),
  (370725, 370700, 3, '昌乐县', 0, 100),
  (370781, 370700, 3, '青州市', 0, 100),
  (370782, 370700, 3, '诸城市', 0, 100),
  (370783, 370700, 3, '寿光市', 0, 100),
  (370784, 370700, 3, '安丘市', 0, 100),
  (370785, 370700, 3, '高密市', 0, 100),
  (370786, 370700, 3, '昌邑市', 0, 100),
  (370800, 370000, 2, '济宁市', 0, 100),
  (370801, 370800, 3, '市辖区', 0, 100),
  (370811, 370800, 3, '任城区', 0, 100),
  (370812, 370800, 3, '兖州区', 0, 100),
  (370826, 370800, 3, '微山县', 0, 100),
  (370827, 370800, 3, '鱼台县', 0, 100),
  (370828, 370800, 3, '金乡县', 0, 100),
  (370829, 370800, 3, '嘉祥县', 0, 100),
  (370830, 370800, 3, '汶上县', 0, 100),
  (370831, 370800, 3, '泗水县', 0, 100),
  (370832, 370800, 3, '梁山县', 0, 100),
  (370881, 370800, 3, '曲阜市', 0, 100),
  (370883, 370800, 3, '邹城市', 0, 100),
  (370900, 370000, 2, '泰安市', 0, 100),
  (370901, 370900, 3, '市辖区', 0, 100),
  (370902, 370900, 3, '泰山区', 0, 100),
  (370911, 370900, 3, '岱岳区', 0, 100),
  (370921, 370900, 3, '宁阳县', 0, 100),
  (370923, 370900, 3, '东平县', 0, 100),
  (370982, 370900, 3, '新泰市', 0, 100),
  (370983, 370900, 3, '肥城市', 0, 100),
  (371000, 370000, 2, '威海市', 0, 100),
  (371001, 371000, 3, '市辖区', 0, 100),
  (371002, 371000, 3, '环翠区', 0, 100),
  (371003, 371000, 3, '文登区', 0, 100),
  (371082, 371000, 3, '荣成市', 0, 100),
  (371083, 371000, 3, '乳山市', 0, 100),
  (371100, 370000, 2, '日照市', 0, 100),
  (371101, 371100, 3, '市辖区', 0, 100),
  (371102, 371100, 3, '东港区', 0, 100),
  (371103, 371100, 3, '岚山区', 0, 100),
  (371121, 371100, 3, '五莲县', 0, 100),
  (371122, 371100, 3, '莒县', 0, 100),
  (371200, 370000, 2, '莱芜市', 0, 100),
  (371201, 371200, 3, '市辖区', 0, 100),
  (371202, 371200, 3, '莱城区', 0, 100),
  (371203, 371200, 3, '钢城区', 0, 100),
  (371300, 370000, 2, '临沂市', 0, 100),
  (371301, 371300, 3, '市辖区', 0, 100),
  (371302, 371300, 3, '兰山区', 0, 100),
  (371311, 371300, 3, '罗庄区', 0, 100),
  (371312, 371300, 3, '河东区', 0, 100),
  (371321, 371300, 3, '沂南县', 0, 100),
  (371322, 371300, 3, '郯城县', 0, 100),
  (371323, 371300, 3, '沂水县', 0, 100),
  (371324, 371300, 3, '兰陵县', 0, 100),
  (371325, 371300, 3, '费县', 0, 100),
  (371326, 371300, 3, '平邑县', 0, 100),
  (371327, 371300, 3, '莒南县', 0, 100),
  (371328, 371300, 3, '蒙阴县', 0, 100),
  (371329, 371300, 3, '临沭县', 0, 100),
  (371400, 370000, 2, '德州市', 0, 100),
  (371401, 371400, 3, '市辖区', 0, 100),
  (371402, 371400, 3, '德城区', 0, 100),
  (371403, 371400, 3, '陵城区', 0, 100),
  (371422, 371400, 3, '宁津县', 0, 100),
  (371423, 371400, 3, '庆云县', 0, 100),
  (371424, 371400, 3, '临邑县', 0, 100),
  (371425, 371400, 3, '齐河县', 0, 100),
  (371426, 371400, 3, '平原县', 0, 100),
  (371427, 371400, 3, '夏津县', 0, 100),
  (371428, 371400, 3, '武城县', 0, 100),
  (371481, 371400, 3, '乐陵市', 0, 100),
  (371482, 371400, 3, '禹城市', 0, 100),
  (371500, 370000, 2, '聊城市', 0, 100),
  (371501, 371500, 3, '市辖区', 0, 100),
  (371502, 371500, 3, '东昌府区', 0, 100),
  (371521, 371500, 3, '阳谷县', 0, 100),
  (371522, 371500, 3, '莘县', 0, 100),
  (371523, 371500, 3, '茌平县', 0, 100),
  (371524, 371500, 3, '东阿县', 0, 100),
  (371525, 371500, 3, '冠县', 0, 100),
  (371526, 371500, 3, '高唐县', 0, 100),
  (371581, 371500, 3, '临清市', 0, 100),
  (371600, 370000, 2, '滨州市', 0, 100),
  (371601, 371600, 3, '市辖区', 0, 100),
  (371602, 371600, 3, '滨城区', 0, 100),
  (371603, 371600, 3, '沾化区', 0, 100),
  (371621, 371600, 3, '惠民县', 0, 100),
  (371622, 371600, 3, '阳信县', 0, 100),
  (371623, 371600, 3, '无棣县', 0, 100),
  (371625, 371600, 3, '博兴县', 0, 100),
  (371626, 371600, 3, '邹平县', 0, 100),
  (371700, 370000, 2, '菏泽市', 0, 100),
  (371701, 371700, 3, '市辖区', 0, 100),
  (371702, 371700, 3, '牡丹区', 0, 100),
  (371703, 371700, 3, '定陶区', 0, 100),
  (371721, 371700, 3, '曹县', 0, 100),
  (371722, 371700, 3, '单县', 0, 100),
  (371723, 371700, 3, '成武县', 0, 100),
  (371724, 371700, 3, '巨野县', 0, 100),
  (371725, 371700, 3, '郓城县', 0, 100),
  (371726, 371700, 3, '鄄城县', 0, 100),
  (371728, 371700, 3, '东明县', 0, 100),
  (410000, 0, 1, '河南省', 0, 100),
  (410100, 410000, 2, '郑州市', 0, 100),
  (410101, 410100, 3, '市辖区', 0, 100),
  (410102, 410100, 3, '中原区', 0, 100),
  (410103, 410100, 3, '二七区', 0, 100),
  (410104, 410100, 3, '管城回族区', 0, 100),
  (410105, 410100, 3, '金水区', 0, 100),
  (410106, 410100, 3, '上街区', 0, 100),
  (410108, 410100, 3, '惠济区', 0, 100),
  (410122, 410100, 3, '中牟县', 0, 100),
  (410181, 410100, 3, '巩义市', 0, 100),
  (410182, 410100, 3, '荥阳市', 0, 100),
  (410183, 410100, 3, '新密市', 0, 100),
  (410184, 410100, 3, '新郑市', 0, 100),
  (410185, 410100, 3, '登封市', 0, 100),
  (410200, 410000, 2, '开封市', 0, 100),
  (410201, 410200, 3, '市辖区', 0, 100),
  (410202, 410200, 3, '龙亭区', 0, 100),
  (410203, 410200, 3, '顺河回族区', 0, 100),
  (410204, 410200, 3, '鼓楼区', 0, 100),
  (410205, 410200, 3, '禹王台区', 0, 100),
  (410211, 410200, 3, '金明区', 0, 100),
  (410212, 410200, 3, '祥符区', 0, 100),
  (410221, 410200, 3, '杞县', 0, 100),
  (410222, 410200, 3, '通许县', 0, 100),
  (410223, 410200, 3, '尉氏县', 0, 100),
  (410225, 410200, 3, '兰考县', 0, 100),
  (410300, 410000, 2, '洛阳市', 0, 100),
  (410301, 410300, 3, '市辖区', 0, 100),
  (410302, 410300, 3, '老城区', 0, 100),
  (410303, 410300, 3, '西工区', 0, 100),
  (410304, 410300, 3, '瀍河回族区', 0, 100),
  (410305, 410300, 3, '涧西区', 0, 100),
  (410306, 410300, 3, '吉利区', 0, 100),
  (410311, 410300, 3, '洛龙区', 0, 100),
  (410322, 410300, 3, '孟津县', 0, 100),
  (410323, 410300, 3, '新安县', 0, 100),
  (410324, 410300, 3, '栾川县', 0, 100),
  (410325, 410300, 3, '嵩县', 0, 100),
  (410326, 410300, 3, '汝阳县', 0, 100),
  (410327, 410300, 3, '宜阳县', 0, 100),
  (410328, 410300, 3, '洛宁县', 0, 100),
  (410329, 410300, 3, '伊川县', 0, 100),
  (410381, 410300, 3, '偃师市', 0, 100),
  (410400, 410000, 2, '平顶山市', 0, 100),
  (410401, 410400, 3, '市辖区', 0, 100),
  (410402, 410400, 3, '新华区', 0, 100),
  (410403, 410400, 3, '卫东区', 0, 100),
  (410404, 410400, 3, '石龙区', 0, 100),
  (410411, 410400, 3, '湛河区', 0, 100),
  (410421, 410400, 3, '宝丰县', 0, 100),
  (410422, 410400, 3, '叶县', 0, 100),
  (410423, 410400, 3, '鲁山县', 0, 100),
  (410425, 410400, 3, '郏县', 0, 100),
  (410481, 410400, 3, '舞钢市', 0, 100),
  (410482, 410400, 3, '汝州市', 0, 100),
  (410500, 410000, 2, '安阳市', 0, 100),
  (410501, 410500, 3, '市辖区', 0, 100),
  (410502, 410500, 3, '文峰区', 0, 100),
  (410503, 410500, 3, '北关区', 0, 100),
  (410505, 410500, 3, '殷都区', 0, 100),
  (410506, 410500, 3, '龙安区', 0, 100),
  (410522, 410500, 3, '安阳县', 0, 100),
  (410523, 410500, 3, '汤阴县', 0, 100),
  (410526, 410500, 3, '滑县', 0, 100),
  (410527, 410500, 3, '内黄县', 0, 100),
  (410581, 410500, 3, '林州市', 0, 100),
  (410600, 410000, 2, '鹤壁市', 0, 100),
  (410601, 410600, 3, '市辖区', 0, 100),
  (410602, 410600, 3, '鹤山区', 0, 100),
  (410603, 410600, 3, '山城区', 0, 100),
  (410611, 410600, 3, '淇滨区', 0, 100),
  (410621, 410600, 3, '浚县', 0, 100),
  (410622, 410600, 3, '淇县', 0, 100),
  (410700, 410000, 2, '新乡市', 0, 100),
  (410701, 410700, 3, '市辖区', 0, 100),
  (410702, 410700, 3, '红旗区', 0, 100),
  (410703, 410700, 3, '卫滨区', 0, 100),
  (410704, 410700, 3, '凤泉区', 0, 100),
  (410711, 410700, 3, '牧野区', 0, 100),
  (410721, 410700, 3, '新乡县', 0, 100),
  (410724, 410700, 3, '获嘉县', 0, 100),
  (410725, 410700, 3, '原阳县', 0, 100),
  (410726, 410700, 3, '延津县', 0, 100),
  (410727, 410700, 3, '封丘县', 0, 100),
  (410728, 410700, 3, '长垣县', 0, 100),
  (410781, 410700, 3, '卫辉市', 0, 100),
  (410782, 410700, 3, '辉县市', 0, 100),
  (410800, 410000, 2, '焦作市', 0, 100),
  (410801, 410800, 3, '市辖区', 0, 100),
  (410802, 410800, 3, '解放区', 0, 100),
  (410803, 410800, 3, '中站区', 0, 100),
  (410804, 410800, 3, '马村区', 0, 100),
  (410811, 410800, 3, '山阳区', 0, 100),
  (410821, 410800, 3, '修武县', 0, 100),
  (410822, 410800, 3, '博爱县', 0, 100),
  (410823, 410800, 3, '武陟县', 0, 100),
  (410825, 410800, 3, '温县', 0, 100),
  (410882, 410800, 3, '沁阳市', 0, 100),
  (410883, 410800, 3, '孟州市', 0, 100),
  (410900, 410000, 2, '濮阳市', 0, 100),
  (410901, 410900, 3, '市辖区', 0, 100),
  (410902, 410900, 3, '华龙区', 0, 100),
  (410922, 410900, 3, '清丰县', 0, 100),
  (410923, 410900, 3, '南乐县', 0, 100),
  (410926, 410900, 3, '范县', 0, 100),
  (410927, 410900, 3, '台前县', 0, 100),
  (410928, 410900, 3, '濮阳县', 0, 100),
  (411000, 410000, 2, '许昌市', 0, 100),
  (411001, 411000, 3, '市辖区', 0, 100),
  (411002, 411000, 3, '魏都区', 0, 100),
  (411023, 411000, 3, '许昌县', 0, 100),
  (411024, 411000, 3, '鄢陵县', 0, 100),
  (411025, 411000, 3, '襄城县', 0, 100),
  (411081, 411000, 3, '禹州市', 0, 100),
  (411082, 411000, 3, '长葛市', 0, 100),
  (411100, 410000, 2, '漯河市', 0, 100),
  (411101, 411100, 3, '市辖区', 0, 100),
  (411102, 411100, 3, '源汇区', 0, 100),
  (411103, 411100, 3, '郾城区', 0, 100),
  (411104, 411100, 3, '召陵区', 0, 100),
  (411121, 411100, 3, '舞阳县', 0, 100),
  (411122, 411100, 3, '临颍县', 0, 100),
  (411200, 410000, 2, '三门峡市', 0, 100),
  (411201, 411200, 3, '市辖区', 0, 100),
  (411202, 411200, 3, '湖滨区', 0, 100),
  (411203, 411200, 3, '陕州区', 0, 100),
  (411221, 411200, 3, '渑池县', 0, 100),
  (411224, 411200, 3, '卢氏县', 0, 100),
  (411281, 411200, 3, '义马市', 0, 100),
  (411282, 411200, 3, '灵宝市', 0, 100),
  (411300, 410000, 2, '南阳市', 0, 100),
  (411301, 411300, 3, '市辖区', 0, 100),
  (411302, 411300, 3, '宛城区', 0, 100),
  (411303, 411300, 3, '卧龙区', 0, 100),
  (411321, 411300, 3, '南召县', 0, 100),
  (411322, 411300, 3, '方城县', 0, 100),
  (411323, 411300, 3, '西峡县', 0, 100),
  (411324, 411300, 3, '镇平县', 0, 100),
  (411325, 411300, 3, '内乡县', 0, 100),
  (411326, 411300, 3, '淅川县', 0, 100),
  (411327, 411300, 3, '社旗县', 0, 100),
  (411328, 411300, 3, '唐河县', 0, 100),
  (411329, 411300, 3, '新野县', 0, 100),
  (411330, 411300, 3, '桐柏县', 0, 100),
  (411381, 411300, 3, '邓州市', 0, 100),
  (411400, 410000, 2, '商丘市', 0, 100),
  (411401, 411400, 3, '市辖区', 0, 100),
  (411402, 411400, 3, '梁园区', 0, 100),
  (411403, 411400, 3, '睢阳区', 0, 100),
  (411421, 411400, 3, '民权县', 0, 100),
  (411422, 411400, 3, '睢县', 0, 100),
  (411423, 411400, 3, '宁陵县', 0, 100),
  (411424, 411400, 3, '柘城县', 0, 100),
  (411425, 411400, 3, '虞城县', 0, 100),
  (411426, 411400, 3, '夏邑县', 0, 100),
  (411481, 411400, 3, '永城市', 0, 100),
  (411500, 410000, 2, '信阳市', 0, 100),
  (411501, 411500, 3, '市辖区', 0, 100),
  (411502, 411500, 3, '浉河区', 0, 100),
  (411503, 411500, 3, '平桥区', 0, 100),
  (411521, 411500, 3, '罗山县', 0, 100),
  (411522, 411500, 3, '光山县', 0, 100),
  (411523, 411500, 3, '新县', 0, 100),
  (411524, 411500, 3, '商城县', 0, 100),
  (411525, 411500, 3, '固始县', 0, 100),
  (411526, 411500, 3, '潢川县', 0, 100),
  (411527, 411500, 3, '淮滨县', 0, 100),
  (411528, 411500, 3, '息县', 0, 100),
  (411600, 410000, 2, '周口市', 0, 100),
  (411601, 411600, 3, '市辖区', 0, 100),
  (411602, 411600, 3, '川汇区', 0, 100),
  (411621, 411600, 3, '扶沟县', 0, 100),
  (411622, 411600, 3, '西华县', 0, 100),
  (411623, 411600, 3, '商水县', 0, 100),
  (411624, 411600, 3, '沈丘县', 0, 100),
  (411625, 411600, 3, '郸城县', 0, 100),
  (411626, 411600, 3, '淮阳县', 0, 100),
  (411627, 411600, 3, '太康县', 0, 100),
  (411628, 411600, 3, '鹿邑县', 0, 100),
  (411681, 411600, 3, '项城市', 0, 100),
  (411700, 410000, 2, '驻马店市', 0, 100),
  (411701, 411700, 3, '市辖区', 0, 100),
  (411702, 411700, 3, '驿城区', 0, 100),
  (411721, 411700, 3, '西平县', 0, 100),
  (411722, 411700, 3, '上蔡县', 0, 100),
  (411723, 411700, 3, '平舆县', 0, 100),
  (411724, 411700, 3, '正阳县', 0, 100),
  (411725, 411700, 3, '确山县', 0, 100),
  (411726, 411700, 3, '泌阳县', 0, 100),
  (411727, 411700, 3, '汝南县', 0, 100),
  (411728, 411700, 3, '遂平县', 0, 100),
  (411729, 411700, 3, '新蔡县', 0, 100),
  (419000, 410000, 2, '省直辖县级行政区划', 0, 100),
  (419001, 419000, 3, '市辖区', 0, 100),
  (420000, 0, 1, '湖北省', 0, 100),
  (420100, 420000, 2, '武汉市', 0, 100),
  (420101, 420100, 3, '市辖区', 0, 100),
  (420102, 420100, 3, '江岸区', 0, 100),
  (420103, 420100, 3, '江汉区', 0, 100),
  (420104, 420100, 3, '硚口区', 0, 100),
  (420105, 420100, 3, '汉阳区', 0, 100),
  (420106, 420100, 3, '武昌区', 0, 100),
  (420107, 420100, 3, '青山区', 0, 100),
  (420111, 420100, 3, '洪山区', 0, 100),
  (420112, 420100, 3, '东西湖区', 0, 100),
  (420113, 420100, 3, '汉南区', 0, 100),
  (420114, 420100, 3, '蔡甸区', 0, 100),
  (420115, 420100, 3, '江夏区', 0, 100),
  (420116, 420100, 3, '黄陂区', 0, 100),
  (420117, 420100, 3, '新洲区', 0, 100),
  (420200, 420000, 2, '黄石市', 0, 100),
  (420201, 420200, 3, '市辖区', 0, 100),
  (420202, 420200, 3, '黄石港区', 0, 100),
  (420203, 420200, 3, '西塞山区', 0, 100),
  (420204, 420200, 3, '下陆区', 0, 100),
  (420205, 420200, 3, '铁山区', 0, 100),
  (420222, 420200, 3, '阳新县', 0, 100),
  (420281, 420200, 3, '大冶市', 0, 100),
  (420300, 420000, 2, '十堰市', 0, 100),
  (420301, 420300, 3, '市辖区', 0, 100),
  (420302, 420300, 3, '茅箭区', 0, 100),
  (420303, 420300, 3, '张湾区', 0, 100),
  (420304, 420300, 3, '郧阳区', 0, 100),
  (420322, 420300, 3, '郧西县', 0, 100),
  (420323, 420300, 3, '竹山县', 0, 100),
  (420324, 420300, 3, '竹溪县', 0, 100),
  (420325, 420300, 3, '房县', 0, 100),
  (420381, 420300, 3, '丹江口市', 0, 100),
  (420500, 420000, 2, '宜昌市', 0, 100),
  (420501, 420500, 3, '市辖区', 0, 100),
  (420502, 420500, 3, '西陵区', 0, 100),
  (420503, 420500, 3, '伍家岗区', 0, 100),
  (420504, 420500, 3, '点军区', 0, 100),
  (420505, 420500, 3, '猇亭区', 0, 100),
  (420506, 420500, 3, '夷陵区', 0, 100),
  (420525, 420500, 3, '远安县', 0, 100),
  (420526, 420500, 3, '兴山县', 0, 100),
  (420527, 420500, 3, '秭归县', 0, 100),
  (420528, 420500, 3, '长阳土家族自治县', 0, 100),
  (420529, 420500, 3, '五峰土家族自治县', 0, 100),
  (420581, 420500, 3, '宜都市', 0, 100),
  (420582, 420500, 3, '当阳市', 0, 100),
  (420583, 420500, 3, '枝江市', 0, 100),
  (420600, 420000, 2, '襄阳市', 0, 100),
  (420601, 420600, 3, '市辖区', 0, 100),
  (420602, 420600, 3, '襄城区', 0, 100),
  (420606, 420600, 3, '樊城区', 0, 100),
  (420607, 420600, 3, '襄州区', 0, 100),
  (420624, 420600, 3, '南漳县', 0, 100),
  (420625, 420600, 3, '谷城县', 0, 100),
  (420626, 420600, 3, '保康县', 0, 100),
  (420682, 420600, 3, '老河口市', 0, 100),
  (420683, 420600, 3, '枣阳市', 0, 100),
  (420684, 420600, 3, '宜城市', 0, 100),
  (420700, 420000, 2, '鄂州市', 0, 100),
  (420701, 420700, 3, '市辖区', 0, 100),
  (420702, 420700, 3, '梁子湖区', 0, 100),
  (420703, 420700, 3, '华容区', 0, 100),
  (420704, 420700, 3, '鄂城区', 0, 100),
  (420800, 420000, 2, '荆门市', 0, 100),
  (420801, 420800, 3, '市辖区', 0, 100),
  (420802, 420800, 3, '东宝区', 0, 100),
  (420804, 420800, 3, '掇刀区', 0, 100),
  (420821, 420800, 3, '京山县', 0, 100),
  (420822, 420800, 3, '沙洋县', 0, 100),
  (420881, 420800, 3, '钟祥市', 0, 100),
  (420900, 420000, 2, '孝感市', 0, 100),
  (420901, 420900, 3, '市辖区', 0, 100),
  (420902, 420900, 3, '孝南区', 0, 100),
  (420921, 420900, 3, '孝昌县', 0, 100),
  (420922, 420900, 3, '大悟县', 0, 100),
  (420923, 420900, 3, '云梦县', 0, 100),
  (420981, 420900, 3, '应城市', 0, 100),
  (420982, 420900, 3, '安陆市', 0, 100),
  (420984, 420900, 3, '汉川市', 0, 100),
  (421000, 420000, 2, '荆州市', 0, 100),
  (421001, 421000, 3, '市辖区', 0, 100),
  (421002, 421000, 3, '沙市区', 0, 100),
  (421003, 421000, 3, '荆州区', 0, 100),
  (421022, 421000, 3, '公安县', 0, 100),
  (421023, 421000, 3, '监利县', 0, 100),
  (421024, 421000, 3, '江陵县', 0, 100),
  (421081, 421000, 3, '石首市', 0, 100),
  (421083, 421000, 3, '洪湖市', 0, 100),
  (421087, 421000, 3, '松滋市', 0, 100),
  (421100, 420000, 2, '黄冈市', 0, 100),
  (421101, 421100, 3, '市辖区', 0, 100),
  (421102, 421100, 3, '黄州区', 0, 100),
  (421121, 421100, 3, '团风县', 0, 100),
  (421122, 421100, 3, '红安县', 0, 100),
  (421123, 421100, 3, '罗田县', 0, 100),
  (421124, 421100, 3, '英山县', 0, 100),
  (421125, 421100, 3, '浠水县', 0, 100),
  (421126, 421100, 3, '蕲春县', 0, 100),
  (421127, 421100, 3, '黄梅县', 0, 100),
  (421181, 421100, 3, '麻城市', 0, 100),
  (421182, 421100, 3, '武穴市', 0, 100),
  (421200, 420000, 2, '咸宁市', 0, 100),
  (421201, 421200, 3, '市辖区', 0, 100),
  (421202, 421200, 3, '咸安区', 0, 100),
  (421221, 421200, 3, '嘉鱼县', 0, 100),
  (421222, 421200, 3, '通城县', 0, 100),
  (421223, 421200, 3, '崇阳县', 0, 100),
  (421224, 421200, 3, '通山县', 0, 100),
  (421281, 421200, 3, '赤壁市', 0, 100),
  (421300, 420000, 2, '随州市', 0, 100),
  (421301, 421300, 3, '市辖区', 0, 100),
  (421303, 421300, 3, '曾都区', 0, 100),
  (421321, 421300, 3, '随县', 0, 100),
  (421381, 421300, 3, '广水市', 0, 100),
  (422800, 420000, 2, '恩施土家族苗族自治州', 0, 100),
  (422801, 422800, 3, '市辖区', 0, 100),
  (422802, 422800, 3, '利川市', 0, 100),
  (422822, 422800, 3, '建始县', 0, 100),
  (422823, 422800, 3, '巴东县', 0, 100),
  (422825, 422800, 3, '宣恩县', 0, 100),
  (422826, 422800, 3, '咸丰县', 0, 100),
  (422827, 422800, 3, '来凤县', 0, 100),
  (422828, 422800, 3, '鹤峰县', 0, 100),
  (429000, 420000, 2, '省直辖县级行政区划', 0, 100),
  (429004, 429000, 3, '仙桃市', 0, 100),
  (429005, 429000, 3, '潜江市', 0, 100),
  (429006, 429000, 3, '天门市', 0, 100),
  (429021, 429000, 3, '神农架林区', 0, 100),
  (430000, 0, 1, '湖南省', 0, 100),
  (430100, 430000, 2, '长沙市', 0, 100),
  (430101, 430100, 3, '市辖区', 0, 100),
  (430102, 430100, 3, '芙蓉区', 0, 100),
  (430103, 430100, 3, '天心区', 0, 100),
  (430104, 430100, 3, '岳麓区', 0, 100),
  (430105, 430100, 3, '开福区', 0, 100),
  (430111, 430100, 3, '雨花区', 0, 100),
  (430112, 430100, 3, '望城区', 0, 100),
  (430121, 430100, 3, '长沙县', 0, 100),
  (430124, 430100, 3, '宁乡县', 0, 100),
  (430181, 430100, 3, '浏阳市', 0, 100),
  (430200, 430000, 2, '株洲市', 0, 100),
  (430201, 430200, 3, '市辖区', 0, 100),
  (430202, 430200, 3, '荷塘区', 0, 100),
  (430203, 430200, 3, '芦淞区', 0, 100),
  (430204, 430200, 3, '石峰区', 0, 100),
  (430211, 430200, 3, '天元区', 0, 100),
  (430221, 430200, 3, '株洲县', 0, 100),
  (430223, 430200, 3, '攸县', 0, 100),
  (430224, 430200, 3, '茶陵县', 0, 100),
  (430225, 430200, 3, '炎陵县', 0, 100),
  (430281, 430200, 3, '醴陵市', 0, 100),
  (430300, 430000, 2, '湘潭市', 0, 100),
  (430301, 430300, 3, '市辖区', 0, 100),
  (430302, 430300, 3, '雨湖区', 0, 100),
  (430304, 430300, 3, '岳塘区', 0, 100),
  (430321, 430300, 3, '湘潭县', 0, 100),
  (430381, 430300, 3, '湘乡市', 0, 100),
  (430382, 430300, 3, '韶山市', 0, 100),
  (430400, 430000, 2, '衡阳市', 0, 100),
  (430401, 430400, 3, '市辖区', 0, 100),
  (430405, 430400, 3, '珠晖区', 0, 100),
  (430406, 430400, 3, '雁峰区', 0, 100),
  (430407, 430400, 3, '石鼓区', 0, 100),
  (430408, 430400, 3, '蒸湘区', 0, 100),
  (430412, 430400, 3, '南岳区', 0, 100),
  (430421, 430400, 3, '衡阳县', 0, 100),
  (430422, 430400, 3, '衡南县', 0, 100),
  (430423, 430400, 3, '衡山县', 0, 100),
  (430424, 430400, 3, '衡东县', 0, 100),
  (430426, 430400, 3, '祁东县', 0, 100),
  (430481, 430400, 3, '耒阳市', 0, 100),
  (430482, 430400, 3, '常宁市', 0, 100),
  (430500, 430000, 2, '邵阳市', 0, 100),
  (430501, 430500, 3, '市辖区', 0, 100),
  (430502, 430500, 3, '双清区', 0, 100),
  (430503, 430500, 3, '大祥区', 0, 100),
  (430511, 430500, 3, '北塔区', 0, 100),
  (430521, 430500, 3, '邵东县', 0, 100),
  (430522, 430500, 3, '新邵县', 0, 100),
  (430523, 430500, 3, '邵阳县', 0, 100),
  (430524, 430500, 3, '隆回县', 0, 100),
  (430525, 430500, 3, '洞口县', 0, 100),
  (430527, 430500, 3, '绥宁县', 0, 100),
  (430528, 430500, 3, '新宁县', 0, 100),
  (430529, 430500, 3, '城步苗族自治县', 0, 100),
  (430581, 430500, 3, '武冈市', 0, 100),
  (430600, 430000, 2, '岳阳市', 0, 100),
  (430601, 430600, 3, '市辖区', 0, 100),
  (430602, 430600, 3, '岳阳楼区', 0, 100),
  (430603, 430600, 3, '云溪区', 0, 100),
  (430611, 430600, 3, '君山区', 0, 100),
  (430621, 430600, 3, '岳阳县', 0, 100),
  (430623, 430600, 3, '华容县', 0, 100),
  (430624, 430600, 3, '湘阴县', 0, 100),
  (430626, 430600, 3, '平江县', 0, 100),
  (430681, 430600, 3, '汨罗市', 0, 100),
  (430682, 430600, 3, '临湘市', 0, 100),
  (430700, 430000, 2, '常德市', 0, 100),
  (430701, 430700, 3, '市辖区', 0, 100),
  (430702, 430700, 3, '武陵区', 0, 100),
  (430703, 430700, 3, '鼎城区', 0, 100),
  (430721, 430700, 3, '安乡县', 0, 100),
  (430722, 430700, 3, '汉寿县', 0, 100),
  (430723, 430700, 3, '澧县', 0, 100),
  (430724, 430700, 3, '临澧县', 0, 100),
  (430725, 430700, 3, '桃源县', 0, 100),
  (430726, 430700, 3, '石门县', 0, 100),
  (430781, 430700, 3, '津市市', 0, 100),
  (430800, 430000, 2, '张家界市', 0, 100),
  (430801, 430800, 3, '市辖区', 0, 100),
  (430802, 430800, 3, '永定区', 0, 100),
  (430811, 430800, 3, '武陵源区', 0, 100),
  (430821, 430800, 3, '慈利县', 0, 100),
  (430822, 430800, 3, '桑植县', 0, 100),
  (430900, 430000, 2, '益阳市', 0, 100),
  (430901, 430900, 3, '市辖区', 0, 100),
  (430902, 430900, 3, '资阳区', 0, 100),
  (430903, 430900, 3, '赫山区', 0, 100),
  (430921, 430900, 3, '南县', 0, 100),
  (430922, 430900, 3, '桃江县', 0, 100),
  (430923, 430900, 3, '安化县', 0, 100),
  (430981, 430900, 3, '沅江市', 0, 100),
  (431000, 430000, 2, '郴州市', 0, 100),
  (431001, 431000, 3, '市辖区', 0, 100),
  (431002, 431000, 3, '北湖区', 0, 100),
  (431003, 431000, 3, '苏仙区', 0, 100),
  (431021, 431000, 3, '桂阳县', 0, 100),
  (431022, 431000, 3, '宜章县', 0, 100),
  (431023, 431000, 3, '永兴县', 0, 100),
  (431024, 431000, 3, '嘉禾县', 0, 100),
  (431025, 431000, 3, '临武县', 0, 100),
  (431026, 431000, 3, '汝城县', 0, 100),
  (431027, 431000, 3, '桂东县', 0, 100),
  (431028, 431000, 3, '安仁县', 0, 100),
  (431081, 431000, 3, '资兴市', 0, 100),
  (431100, 430000, 2, '永州市', 0, 100),
  (431101, 431100, 3, '市辖区', 0, 100),
  (431102, 431100, 3, '零陵区', 0, 100),
  (431103, 431100, 3, '冷水滩区', 0, 100),
  (431121, 431100, 3, '祁阳县', 0, 100),
  (431122, 431100, 3, '东安县', 0, 100),
  (431123, 431100, 3, '双牌县', 0, 100),
  (431124, 431100, 3, '道县', 0, 100),
  (431125, 431100, 3, '江永县', 0, 100),
  (431126, 431100, 3, '宁远县', 0, 100),
  (431127, 431100, 3, '蓝山县', 0, 100),
  (431128, 431100, 3, '新田县', 0, 100),
  (431129, 431100, 3, '江华瑶族自治县', 0, 100),
  (431200, 430000, 2, '怀化市', 0, 100),
  (431201, 431200, 3, '市辖区', 0, 100),
  (431202, 431200, 3, '鹤城区', 0, 100),
  (431221, 431200, 3, '中方县', 0, 100),
  (431222, 431200, 3, '沅陵县', 0, 100),
  (431223, 431200, 3, '辰溪县', 0, 100),
  (431224, 431200, 3, '溆浦县', 0, 100),
  (431225, 431200, 3, '会同县', 0, 100),
  (431226, 431200, 3, '麻阳苗族自治县', 0, 100),
  (431227, 431200, 3, '新晃侗族自治县', 0, 100),
  (431228, 431200, 3, '芷江侗族自治县', 0, 100),
  (431229, 431200, 3, '靖州苗族侗族自治县', 0, 100),
  (431230, 431200, 3, '通道侗族自治县', 0, 100),
  (431281, 431200, 3, '洪江市', 0, 100),
  (431300, 430000, 2, '娄底市', 0, 100),
  (431301, 431300, 3, '市辖区', 0, 100),
  (431302, 431300, 3, '娄星区', 0, 100),
  (431321, 431300, 3, '双峰县', 0, 100),
  (431322, 431300, 3, '新化县', 0, 100),
  (431381, 431300, 3, '冷水江市', 0, 100),
  (431382, 431300, 3, '涟源市', 0, 100),
  (433100, 430000, 2, '湘西土家族苗族自治州', 0, 100),
  (433101, 433100, 3, '市辖区', 0, 100),
  (433122, 433100, 3, '泸溪县', 0, 100),
  (433123, 433100, 3, '凤凰县', 0, 100),
  (433124, 433100, 3, '花垣县', 0, 100),
  (433125, 433100, 3, '保靖县', 0, 100),
  (433126, 433100, 3, '古丈县', 0, 100),
  (433127, 433100, 3, '永顺县', 0, 100),
  (433130, 433100, 3, '龙山县', 0, 100),
  (440000, 0, 1, '广东省', 0, 100),
  (440100, 440000, 2, '广州市', 0, 100),
  (440101, 440100, 3, '市辖区', 0, 100),
  (440103, 440100, 3, '荔湾区', 0, 100),
  (440104, 440100, 3, '越秀区', 0, 100),
  (440105, 440100, 3, '海珠区', 0, 100),
  (440106, 440100, 3, '天河区', 0, 100),
  (440111, 440100, 3, '白云区', 0, 100),
  (440112, 440100, 3, '黄埔区', 0, 100),
  (440113, 440100, 3, '番禺区', 0, 100),
  (440114, 440100, 3, '花都区', 0, 100),
  (440115, 440100, 3, '南沙区', 0, 100),
  (440117, 440100, 3, '从化区', 0, 100),
  (440118, 440100, 3, '增城区', 0, 100),
  (440200, 440000, 2, '韶关市', 0, 100),
  (440201, 440200, 3, '市辖区', 0, 100),
  (440203, 440200, 3, '武江区', 0, 100),
  (440204, 440200, 3, '浈江区', 0, 100),
  (440205, 440200, 3, '曲江区', 0, 100),
  (440222, 440200, 3, '始兴县', 0, 100),
  (440224, 440200, 3, '仁化县', 0, 100),
  (440229, 440200, 3, '翁源县', 0, 100),
  (440232, 440200, 3, '乳源瑶族自治县', 0, 100),
  (440233, 440200, 3, '新丰县', 0, 100),
  (440281, 440200, 3, '乐昌市', 0, 100),
  (440282, 440200, 3, '南雄市', 0, 100),
  (440300, 440000, 2, '深圳市', 0, 100),
  (440301, 440300, 3, '市辖区', 0, 100),
  (440303, 440300, 3, '罗湖区', 0, 100),
  (440304, 440300, 3, '福田区', 0, 100),
  (440305, 440300, 3, '南山区', 0, 100),
  (440306, 440300, 3, '宝安区', 0, 100),
  (440307, 440300, 3, '龙岗区', 0, 100),
  (440308, 440300, 3, '盐田区', 0, 100),
  (440400, 440000, 2, '珠海市', 0, 100),
  (440401, 440400, 3, '市辖区', 0, 100),
  (440402, 440400, 3, '香洲区', 0, 100),
  (440403, 440400, 3, '斗门区', 0, 100),
  (440404, 440400, 3, '金湾区', 0, 100),
  (440500, 440000, 2, '汕头市', 0, 100),
  (440501, 440500, 3, '市辖区', 0, 100),
  (440507, 440500, 3, '龙湖区', 0, 100),
  (440511, 440500, 3, '金平区', 0, 100),
  (440512, 440500, 3, '濠江区', 0, 100),
  (440513, 440500, 3, '潮阳区', 0, 100),
  (440514, 440500, 3, '潮南区', 0, 100),
  (440515, 440500, 3, '澄海区', 0, 100),
  (440523, 440500, 3, '南澳县', 0, 100),
  (440600, 440000, 2, '佛山市', 0, 100),
  (440601, 440600, 3, '市辖区', 0, 100),
  (440604, 440600, 3, '禅城区', 0, 100),
  (440605, 440600, 3, '南海区', 0, 100),
  (440606, 440600, 3, '顺德区', 0, 100),
  (440607, 440600, 3, '三水区', 0, 100),
  (440608, 440600, 3, '高明区', 0, 100),
  (440700, 440000, 2, '江门市', 0, 100),
  (440701, 440700, 3, '市辖区', 0, 100),
  (440703, 440700, 3, '蓬江区', 0, 100),
  (440704, 440700, 3, '江海区', 0, 100),
  (440705, 440700, 3, '新会区', 0, 100),
  (440781, 440700, 3, '台山市', 0, 100),
  (440783, 440700, 3, '开平市', 0, 100),
  (440784, 440700, 3, '鹤山市', 0, 100),
  (440785, 440700, 3, '恩平市', 0, 100),
  (440800, 440000, 2, '湛江市', 0, 100),
  (440801, 440800, 3, '市辖区', 0, 100),
  (440802, 440800, 3, '赤坎区', 0, 100),
  (440803, 440800, 3, '霞山区', 0, 100),
  (440804, 440800, 3, '坡头区', 0, 100),
  (440811, 440800, 3, '麻章区', 0, 100),
  (440823, 440800, 3, '遂溪县', 0, 100),
  (440825, 440800, 3, '徐闻县', 0, 100),
  (440881, 440800, 3, '廉江市', 0, 100),
  (440882, 440800, 3, '雷州市', 0, 100),
  (440883, 440800, 3, '吴川市', 0, 100),
  (440900, 440000, 2, '茂名市', 0, 100),
  (440901, 440900, 3, '市辖区', 0, 100),
  (440902, 440900, 3, '茂南区', 0, 100),
  (440904, 440900, 3, '电白区', 0, 100),
  (440981, 440900, 3, '高州市', 0, 100),
  (440982, 440900, 3, '化州市', 0, 100),
  (440983, 440900, 3, '信宜市', 0, 100),
  (441200, 440000, 2, '肇庆市', 0, 100),
  (441201, 441200, 3, '市辖区', 0, 100),
  (441202, 441200, 3, '端州区', 0, 100),
  (441203, 441200, 3, '鼎湖区', 0, 100),
  (441204, 441200, 3, '高要区', 0, 100),
  (441223, 441200, 3, '广宁县', 0, 100),
  (441224, 441200, 3, '怀集县', 0, 100),
  (441225, 441200, 3, '封开县', 0, 100),
  (441226, 441200, 3, '德庆县', 0, 100),
  (441284, 441200, 3, '四会市', 0, 100),
  (441300, 440000, 2, '惠州市', 0, 100),
  (441301, 441300, 3, '市辖区', 0, 100),
  (441302, 441300, 3, '惠城区', 0, 100),
  (441303, 441300, 3, '惠阳区', 0, 100),
  (441322, 441300, 3, '博罗县', 0, 100),
  (441323, 441300, 3, '惠东县', 0, 100),
  (441324, 441300, 3, '龙门县', 0, 100),
  (441400, 440000, 2, '梅州市', 0, 100),
  (441401, 441400, 3, '市辖区', 0, 100),
  (441402, 441400, 3, '梅江区', 0, 100),
  (441403, 441400, 3, '梅县区', 0, 100),
  (441422, 441400, 3, '大埔县', 0, 100),
  (441423, 441400, 3, '丰顺县', 0, 100),
  (441424, 441400, 3, '五华县', 0, 100),
  (441426, 441400, 3, '平远县', 0, 100),
  (441427, 441400, 3, '蕉岭县', 0, 100),
  (441481, 441400, 3, '兴宁市', 0, 100),
  (441500, 440000, 2, '汕尾市', 0, 100),
  (441501, 441500, 3, '市辖区', 0, 100),
  (441502, 441500, 3, '城区', 0, 100),
  (441521, 441500, 3, '海丰县', 0, 100),
  (441523, 441500, 3, '陆河县', 0, 100),
  (441581, 441500, 3, '陆丰市', 0, 100),
  (441600, 440000, 2, '河源市', 0, 100),
  (441601, 441600, 3, '市辖区', 0, 100),
  (441602, 441600, 3, '源城区', 0, 100),
  (441621, 441600, 3, '紫金县', 0, 100),
  (441622, 441600, 3, '龙川县', 0, 100),
  (441623, 441600, 3, '连平县', 0, 100),
  (441624, 441600, 3, '和平县', 0, 100),
  (441625, 441600, 3, '东源县', 0, 100),
  (441700, 440000, 2, '阳江市', 0, 100),
  (441701, 441700, 3, '市辖区', 0, 100),
  (441702, 441700, 3, '江城区', 0, 100),
  (441704, 441700, 3, '阳东区', 0, 100),
  (441721, 441700, 3, '阳西县', 0, 100),
  (441781, 441700, 3, '阳春市', 0, 100),
  (441800, 440000, 2, '清远市', 0, 100),
  (441801, 441800, 3, '市辖区', 0, 100),
  (441802, 441800, 3, '清城区', 0, 100),
  (441803, 441800, 3, '清新区', 0, 100),
  (441821, 441800, 3, '佛冈县', 0, 100),
  (441823, 441800, 3, '阳山县', 0, 100),
  (441825, 441800, 3, '连山壮族瑶族自治县', 0, 100),
  (441826, 441800, 3, '连南瑶族自治县', 0, 100),
  (441881, 441800, 3, '英德市', 0, 100),
  (441882, 441800, 3, '连州市', 0, 100),
  (441900, 440000, 2, '东莞市', 0, 100),
  (442000, 440000, 2, '中山市', 0, 100),
  (445100, 440000, 2, '潮州市', 0, 100),
  (445101, 445100, 3, '市辖区', 0, 100),
  (445102, 445100, 3, '湘桥区', 0, 100),
  (445103, 445100, 3, '潮安区', 0, 100),
  (445122, 445100, 3, '饶平县', 0, 100),
  (445200, 440000, 2, '揭阳市', 0, 100),
  (445201, 445200, 3, '市辖区', 0, 100),
  (445202, 445200, 3, '榕城区', 0, 100),
  (445203, 445200, 3, '揭东区', 0, 100),
  (445222, 445200, 3, '揭西县', 0, 100),
  (445224, 445200, 3, '惠来县', 0, 100),
  (445281, 445200, 3, '普宁市', 0, 100),
  (445300, 440000, 2, '云浮市', 0, 100),
  (445301, 445300, 3, '市辖区', 0, 100),
  (445302, 445300, 3, '云城区', 0, 100),
  (445303, 445300, 3, '云安区', 0, 100),
  (445321, 445300, 3, '新兴县', 0, 100),
  (445322, 445300, 3, '郁南县', 0, 100),
  (445381, 445300, 3, '罗定市', 0, 100),
  (450000, 0, 1, '广西壮族自治区', 0, 100),
  (450100, 450000, 2, '南宁市', 0, 100),
  (450101, 450100, 3, '市辖区', 0, 100),
  (450102, 450100, 3, '兴宁区', 0, 100),
  (450103, 450100, 3, '青秀区', 0, 100),
  (450105, 450100, 3, '江南区', 0, 100),
  (450107, 450100, 3, '西乡塘区', 0, 100),
  (450108, 450100, 3, '良庆区', 0, 100),
  (450109, 450100, 3, '邕宁区', 0, 100),
  (450110, 450100, 3, '武鸣区', 0, 100),
  (450123, 450100, 3, '隆安县', 0, 100),
  (450124, 450100, 3, '马山县', 0, 100),
  (450125, 450100, 3, '上林县', 0, 100),
  (450126, 450100, 3, '宾阳县', 0, 100),
  (450127, 450100, 3, '横县', 0, 100),
  (450200, 450000, 2, '柳州市', 0, 100),
  (450201, 450200, 3, '市辖区', 0, 100),
  (450202, 450200, 3, '城中区', 0, 100),
  (450203, 450200, 3, '鱼峰区', 0, 100),
  (450204, 450200, 3, '柳南区', 0, 100),
  (450205, 450200, 3, '柳北区', 0, 100),
  (450206, 450200, 3, '柳江区', 0, 100),
  (450222, 450200, 3, '柳城县', 0, 100),
  (450223, 450200, 3, '鹿寨县', 0, 100),
  (450224, 450200, 3, '融安县', 0, 100),
  (450225, 450200, 3, '融水苗族自治县', 0, 100),
  (450226, 450200, 3, '三江侗族自治县', 0, 100),
  (450300, 450000, 2, '桂林市', 0, 100),
  (450301, 450300, 3, '市辖区', 0, 100),
  (450302, 450300, 3, '秀峰区', 0, 100),
  (450303, 450300, 3, '叠彩区', 0, 100),
  (450304, 450300, 3, '象山区', 0, 100),
  (450305, 450300, 3, '七星区', 0, 100),
  (450311, 450300, 3, '雁山区', 0, 100),
  (450312, 450300, 3, '临桂区', 0, 100),
  (450321, 450300, 3, '阳朔县', 0, 100),
  (450323, 450300, 3, '灵川县', 0, 100),
  (450324, 450300, 3, '全州县', 0, 100),
  (450325, 450300, 3, '兴安县', 0, 100),
  (450326, 450300, 3, '永福县', 0, 100),
  (450327, 450300, 3, '灌阳县', 0, 100),
  (450328, 450300, 3, '龙胜各族自治县', 0, 100),
  (450329, 450300, 3, '资源县', 0, 100),
  (450330, 450300, 3, '平乐县', 0, 100),
  (450331, 450300, 3, '荔浦县', 0, 100),
  (450332, 450300, 3, '恭城瑶族自治县', 0, 100),
  (450400, 450000, 2, '梧州市', 0, 100),
  (450401, 450400, 3, '市辖区', 0, 100),
  (450403, 450400, 3, '万秀区', 0, 100),
  (450405, 450400, 3, '长洲区', 0, 100),
  (450406, 450400, 3, '龙圩区', 0, 100),
  (450421, 450400, 3, '苍梧县', 0, 100),
  (450422, 450400, 3, '藤县', 0, 100),
  (450423, 450400, 3, '蒙山县', 0, 100),
  (450481, 450400, 3, '岑溪市', 0, 100),
  (450500, 450000, 2, '北海市', 0, 100),
  (450501, 450500, 3, '市辖区', 0, 100),
  (450502, 450500, 3, '海城区', 0, 100),
  (450503, 450500, 3, '银海区', 0, 100),
  (450512, 450500, 3, '铁山港区', 0, 100),
  (450521, 450500, 3, '合浦县', 0, 100),
  (450600, 450000, 2, '防城港市', 0, 100),
  (450601, 450600, 3, '市辖区', 0, 100),
  (450602, 450600, 3, '港口区', 0, 100),
  (450603, 450600, 3, '防城区', 0, 100),
  (450621, 450600, 3, '上思县', 0, 100),
  (450681, 450600, 3, '东兴市', 0, 100),
  (450700, 450000, 2, '钦州市', 0, 100),
  (450701, 450700, 3, '市辖区', 0, 100),
  (450702, 450700, 3, '钦南区', 0, 100),
  (450703, 450700, 3, '钦北区', 0, 100),
  (450721, 450700, 3, '灵山县', 0, 100),
  (450722, 450700, 3, '浦北县', 0, 100),
  (450800, 450000, 2, '贵港市', 0, 100),
  (450801, 450800, 3, '市辖区', 0, 100),
  (450802, 450800, 3, '港北区', 0, 100),
  (450803, 450800, 3, '港南区', 0, 100),
  (450804, 450800, 3, '覃塘区', 0, 100),
  (450821, 450800, 3, '平南县', 0, 100),
  (450881, 450800, 3, '桂平市', 0, 100),
  (450900, 450000, 2, '玉林市', 0, 100),
  (450901, 450900, 3, '市辖区', 0, 100),
  (450902, 450900, 3, '玉州区', 0, 100),
  (450903, 450900, 3, '福绵区', 0, 100),
  (450921, 450900, 3, '容县', 0, 100),
  (450922, 450900, 3, '陆川县', 0, 100),
  (450923, 450900, 3, '博白县', 0, 100),
  (450924, 450900, 3, '兴业县', 0, 100),
  (450981, 450900, 3, '北流市', 0, 100),
  (451000, 450000, 2, '百色市', 0, 100),
  (451001, 451000, 3, '市辖区', 0, 100),
  (451002, 451000, 3, '右江区', 0, 100),
  (451021, 451000, 3, '田阳县', 0, 100),
  (451022, 451000, 3, '田东县', 0, 100),
  (451023, 451000, 3, '平果县', 0, 100),
  (451024, 451000, 3, '德保县', 0, 100),
  (451026, 451000, 3, '那坡县', 0, 100),
  (451027, 451000, 3, '凌云县', 0, 100),
  (451028, 451000, 3, '乐业县', 0, 100),
  (451029, 451000, 3, '田林县', 0, 100),
  (451030, 451000, 3, '西林县', 0, 100),
  (451031, 451000, 3, '隆林各族自治县', 0, 100),
  (451081, 451000, 3, '靖西市', 0, 100),
  (451100, 450000, 2, '贺州市', 0, 100),
  (451101, 451100, 3, '市辖区', 0, 100),
  (451102, 451100, 3, '八步区', 0, 100),
  (451103, 451100, 3, '平桂区', 0, 100),
  (451121, 451100, 3, '昭平县', 0, 100),
  (451122, 451100, 3, '钟山县', 0, 100),
  (451123, 451100, 3, '富川瑶族自治县', 0, 100),
  (451200, 450000, 2, '河池市', 0, 100),
  (451201, 451200, 3, '市辖区', 0, 100),
  (451202, 451200, 3, '金城江区', 0, 100),
  (451221, 451200, 3, '南丹县', 0, 100),
  (451222, 451200, 3, '天峨县', 0, 100),
  (451223, 451200, 3, '凤山县', 0, 100),
  (451224, 451200, 3, '东兰县', 0, 100),
  (451225, 451200, 3, '罗城仫佬族自治县', 0, 100),
  (451226, 451200, 3, '环江毛南族自治县', 0, 100),
  (451227, 451200, 3, '巴马瑶族自治县', 0, 100),
  (451228, 451200, 3, '都安瑶族自治县', 0, 100),
  (451229, 451200, 3, '大化瑶族自治县', 0, 100),
  (451281, 451200, 3, '宜州市', 0, 100),
  (451300, 450000, 2, '来宾市', 0, 100),
  (451301, 451300, 3, '市辖区', 0, 100),
  (451302, 451300, 3, '兴宾区', 0, 100),
  (451321, 451300, 3, '忻城县', 0, 100),
  (451322, 451300, 3, '象州县', 0, 100),
  (451323, 451300, 3, '武宣县', 0, 100),
  (451324, 451300, 3, '金秀瑶族自治县', 0, 100),
  (451381, 451300, 3, '合山市', 0, 100),
  (451400, 450000, 2, '崇左市', 0, 100),
  (451401, 451400, 3, '市辖区', 0, 100),
  (451402, 451400, 3, '江州区', 0, 100),
  (451421, 451400, 3, '扶绥县', 0, 100),
  (451422, 451400, 3, '宁明县', 0, 100),
  (451423, 451400, 3, '龙州县', 0, 100),
  (451424, 451400, 3, '大新县', 0, 100),
  (451425, 451400, 3, '天等县', 0, 100),
  (451481, 451400, 3, '凭祥市', 0, 100),
  (460000, 0, 1, '海南省', 0, 100),
  (460100, 460000, 2, '海口市', 0, 100),
  (460101, 460100, 3, '市辖区', 0, 100),
  (460105, 460100, 3, '秀英区', 0, 100),
  (460106, 460100, 3, '龙华区', 0, 100),
  (460107, 460100, 3, '琼山区', 0, 100),
  (460108, 460100, 3, '美兰区', 0, 100),
  (460200, 460000, 2, '三亚市', 0, 100),
  (460201, 460200, 3, '市辖区', 0, 100),
  (460202, 460200, 3, '海棠区', 0, 100),
  (460203, 460200, 3, '吉阳区', 0, 100),
  (460204, 460200, 3, '天涯区', 0, 100),
  (460205, 460200, 3, '崖州区', 0, 100),
  (460300, 460000, 2, '三沙市', 0, 100),
  (460400, 460000, 2, '儋州市', 0, 100),
  (469000, 460000, 2, '省直辖县级行政区划', 0, 100),
  (469001, 469000, 3, '市辖区', 0, 100),
  (469002, 469000, 3, '琼海市', 0, 100),
  (469005, 469000, 3, '文昌市', 0, 100),
  (469006, 469000, 3, '万宁市', 0, 100),
  (469007, 469000, 3, '东方市', 0, 100),
  (469021, 469000, 3, '定安县', 0, 100),
  (469022, 469000, 3, '屯昌县', 0, 100),
  (469023, 469000, 3, '澄迈县', 0, 100),
  (469024, 469000, 3, '临高县', 0, 100),
  (469025, 469000, 3, '白沙黎族自治县', 0, 100),
  (469026, 469000, 3, '昌江黎族自治县', 0, 100),
  (469027, 469000, 3, '乐东黎族自治县', 0, 100),
  (469028, 469000, 3, '陵水黎族自治县', 0, 100),
  (469029, 469000, 3, '保亭黎族苗族自治县', 0, 100),
  (469030, 469000, 3, '琼中黎族苗族自治县', 0, 100),
  (500000, 0, 1, '重庆市', 0, 100),
  (500100, 500000, 2, '重庆市', 0, 100),
  (500101, 500100, 3, '万州区', 0, 100),
  (500102, 500100, 3, '涪陵区', 0, 100),
  (500103, 500100, 3, '渝中区', 0, 100),
  (500104, 500100, 3, '大渡口区', 0, 100),
  (500105, 500100, 3, '江北区', 0, 100),
  (500106, 500100, 3, '沙坪坝区', 0, 100),
  (500107, 500100, 3, '九龙坡区', 0, 100),
  (500108, 500100, 3, '南岸区', 0, 100),
  (500109, 500100, 3, '北碚区', 0, 100),
  (500110, 500100, 3, '綦江区', 0, 100),
  (500111, 500100, 3, '大足区', 0, 100),
  (500112, 500100, 3, '渝北区', 0, 100),
  (500113, 500100, 3, '巴南区', 0, 100),
  (500114, 500100, 3, '黔江区', 0, 100),
  (500115, 500100, 3, '长寿区', 0, 100),
  (500116, 500100, 3, '江津区', 0, 100),
  (500117, 500100, 3, '合川区', 0, 100),
  (500118, 500100, 3, '永川区', 0, 100),
  (500119, 500100, 3, '南川区', 0, 100),
  (500120, 500100, 3, '璧山区', 0, 100),
  (500151, 500100, 3, '铜梁区', 0, 100),
  (500152, 500100, 3, '潼南区', 0, 100),
  (500153, 500100, 3, '荣昌区', 0, 100),
  (500154, 500100, 3, '开州区', 0, 100),
  (500200, 500000, 2, '县', 0, 100),
  (500228, 500200, 3, '梁平县', 0, 100),
  (500229, 500200, 3, '城口县', 0, 100),
  (500230, 500200, 3, '丰都县', 0, 100),
  (500231, 500200, 3, '垫江县', 0, 100),
  (500232, 500200, 3, '武隆县', 0, 100),
  (500233, 500200, 3, '忠县', 0, 100),
  (500235, 500200, 3, '云阳县', 0, 100),
  (500236, 500200, 3, '奉节县', 0, 100),
  (500237, 500200, 3, '巫山县', 0, 100),
  (500238, 500200, 3, '巫溪县', 0, 100),
  (500240, 500200, 3, '石柱土家族自治县', 0, 100),
  (500241, 500200, 3, '秀山土家族苗族自治县', 0, 100),
  (500242, 500200, 3, '酉阳土家族苗族自治县', 0, 100),
  (500243, 500200, 3, '彭水苗族土家族自治县', 0, 100),
  (510000, 0, 1, '四川省', 0, 100),
  (510100, 510000, 2, '成都市', 0, 100),
  (510101, 510100, 3, '市辖区', 0, 100),
  (510104, 510100, 3, '锦江区', 0, 100),
  (510105, 510100, 3, '青羊区', 0, 100),
  (510106, 510100, 3, '金牛区', 0, 100),
  (510107, 510100, 3, '武侯区', 0, 100),
  (510108, 510100, 3, '成华区', 0, 100),
  (510112, 510100, 3, '龙泉驿区', 0, 100),
  (510113, 510100, 3, '青白江区', 0, 100),
  (510114, 510100, 3, '新都区', 0, 100),
  (510115, 510100, 3, '温江区', 0, 100),
  (510116, 510100, 3, '双流区', 0, 100),
  (510121, 510100, 3, '金堂县', 0, 100),
  (510124, 510100, 3, '郫县', 0, 100),
  (510129, 510100, 3, '大邑县', 0, 100),
  (510131, 510100, 3, '蒲江县', 0, 100),
  (510132, 510100, 3, '新津县', 0, 100),
  (510181, 510100, 3, '都江堰市', 0, 100),
  (510182, 510100, 3, '彭州市', 0, 100),
  (510183, 510100, 3, '邛崃市', 0, 100),
  (510184, 510100, 3, '崇州市', 0, 100),
  (510185, 510100, 3, '简阳市', 0, 100),
  (510300, 510000, 2, '自贡市', 0, 100),
  (510301, 510300, 3, '市辖区', 0, 100),
  (510302, 510300, 3, '自流井区', 0, 100),
  (510303, 510300, 3, '贡井区', 0, 100),
  (510304, 510300, 3, '大安区', 0, 100),
  (510311, 510300, 3, '沿滩区', 0, 100),
  (510321, 510300, 3, '荣县', 0, 100),
  (510322, 510300, 3, '富顺县', 0, 100),
  (510400, 510000, 2, '攀枝花市', 0, 100),
  (510401, 510400, 3, '市辖区', 0, 100),
  (510402, 510400, 3, '东区', 0, 100),
  (510403, 510400, 3, '西区', 0, 100),
  (510411, 510400, 3, '仁和区', 0, 100),
  (510421, 510400, 3, '米易县', 0, 100),
  (510422, 510400, 3, '盐边县', 0, 100),
  (510500, 510000, 2, '泸州市', 0, 100),
  (510501, 510500, 3, '市辖区', 0, 100),
  (510502, 510500, 3, '江阳区', 0, 100),
  (510503, 510500, 3, '纳溪区', 0, 100),
  (510504, 510500, 3, '龙马潭区', 0, 100),
  (510521, 510500, 3, '泸县', 0, 100),
  (510522, 510500, 3, '合江县', 0, 100),
  (510524, 510500, 3, '叙永县', 0, 100),
  (510525, 510500, 3, '古蔺县', 0, 100),
  (510600, 510000, 2, '德阳市', 0, 100),
  (510601, 510600, 3, '市辖区', 0, 100),
  (510603, 510600, 3, '旌阳区', 0, 100),
  (510623, 510600, 3, '中江县', 0, 100),
  (510626, 510600, 3, '罗江县', 0, 100),
  (510681, 510600, 3, '广汉市', 0, 100),
  (510682, 510600, 3, '什邡市', 0, 100),
  (510683, 510600, 3, '绵竹市', 0, 100),
  (510700, 510000, 2, '绵阳市', 0, 100),
  (510701, 510700, 3, '市辖区', 0, 100),
  (510703, 510700, 3, '涪城区', 0, 100),
  (510704, 510700, 3, '游仙区', 0, 100),
  (510705, 510700, 3, '安州区', 0, 100),
  (510722, 510700, 3, '三台县', 0, 100),
  (510723, 510700, 3, '盐亭县', 0, 100),
  (510725, 510700, 3, '梓潼县', 0, 100),
  (510726, 510700, 3, '北川羌族自治县', 0, 100),
  (510727, 510700, 3, '平武县', 0, 100),
  (510781, 510700, 3, '江油市', 0, 100),
  (510800, 510000, 2, '广元市', 0, 100),
  (510801, 510800, 3, '市辖区', 0, 100),
  (510802, 510800, 3, '利州区', 0, 100),
  (510811, 510800, 3, '昭化区', 0, 100),
  (510812, 510800, 3, '朝天区', 0, 100),
  (510821, 510800, 3, '旺苍县', 0, 100),
  (510822, 510800, 3, '青川县', 0, 100),
  (510823, 510800, 3, '剑阁县', 0, 100),
  (510824, 510800, 3, '苍溪县', 0, 100),
  (510900, 510000, 2, '遂宁市', 0, 100),
  (510901, 510900, 3, '市辖区', 0, 100),
  (510903, 510900, 3, '船山区', 0, 100),
  (510904, 510900, 3, '安居区', 0, 100),
  (510921, 510900, 3, '蓬溪县', 0, 100),
  (510922, 510900, 3, '射洪县', 0, 100),
  (510923, 510900, 3, '大英县', 0, 100),
  (511000, 510000, 2, '内江市', 0, 100),
  (511001, 511000, 3, '市辖区', 0, 100),
  (511002, 511000, 3, '市中区', 0, 100),
  (511011, 511000, 3, '东兴区', 0, 100),
  (511024, 511000, 3, '威远县', 0, 100),
  (511025, 511000, 3, '资中县', 0, 100),
  (511028, 511000, 3, '隆昌县', 0, 100),
  (511100, 510000, 2, '乐山市', 0, 100),
  (511101, 511100, 3, '市辖区', 0, 100),
  (511102, 511100, 3, '市中区', 0, 100),
  (511111, 511100, 3, '沙湾区', 0, 100),
  (511112, 511100, 3, '五通桥区', 0, 100),
  (511113, 511100, 3, '金口河区', 0, 100),
  (511123, 511100, 3, '犍为县', 0, 100),
  (511124, 511100, 3, '井研县', 0, 100),
  (511126, 511100, 3, '夹江县', 0, 100),
  (511129, 511100, 3, '沐川县', 0, 100),
  (511132, 511100, 3, '峨边彝族自治县', 0, 100),
  (511133, 511100, 3, '马边彝族自治县', 0, 100),
  (511181, 511100, 3, '峨眉山市', 0, 100),
  (511300, 510000, 2, '南充市', 0, 100),
  (511301, 511300, 3, '市辖区', 0, 100),
  (511302, 511300, 3, '顺庆区', 0, 100),
  (511303, 511300, 3, '高坪区', 0, 100),
  (511304, 511300, 3, '嘉陵区', 0, 100),
  (511321, 511300, 3, '南部县', 0, 100),
  (511322, 511300, 3, '营山县', 0, 100),
  (511323, 511300, 3, '蓬安县', 0, 100),
  (511324, 511300, 3, '仪陇县', 0, 100),
  (511325, 511300, 3, '西充县', 0, 100),
  (511381, 511300, 3, '阆中市', 0, 100),
  (511400, 510000, 2, '眉山市', 0, 100),
  (511401, 511400, 3, '市辖区', 0, 100),
  (511402, 511400, 3, '东坡区', 0, 100),
  (511403, 511400, 3, '彭山区', 0, 100),
  (511421, 511400, 3, '仁寿县', 0, 100),
  (511423, 511400, 3, '洪雅县', 0, 100),
  (511424, 511400, 3, '丹棱县', 0, 100),
  (511425, 511400, 3, '青神县', 0, 100),
  (511500, 510000, 2, '宜宾市', 0, 100),
  (511501, 511500, 3, '市辖区', 0, 100),
  (511502, 511500, 3, '翠屏区', 0, 100),
  (511503, 511500, 3, '南溪区', 0, 100),
  (511521, 511500, 3, '宜宾县', 0, 100),
  (511523, 511500, 3, '江安县', 0, 100),
  (511524, 511500, 3, '长宁县', 0, 100),
  (511525, 511500, 3, '高县', 0, 100),
  (511526, 511500, 3, '珙县', 0, 100),
  (511527, 511500, 3, '筠连县', 0, 100),
  (511528, 511500, 3, '兴文县', 0, 100),
  (511529, 511500, 3, '屏山县', 0, 100),
  (511600, 510000, 2, '广安市', 0, 100),
  (511601, 511600, 3, '市辖区', 0, 100),
  (511602, 511600, 3, '广安区', 0, 100),
  (511603, 511600, 3, '前锋区', 0, 100),
  (511621, 511600, 3, '岳池县', 0, 100),
  (511622, 511600, 3, '武胜县', 0, 100),
  (511623, 511600, 3, '邻水县', 0, 100),
  (511681, 511600, 3, '华蓥市', 0, 100),
  (511700, 510000, 2, '达州市', 0, 100),
  (511701, 511700, 3, '市辖区', 0, 100),
  (511702, 511700, 3, '通川区', 0, 100),
  (511703, 511700, 3, '达川区', 0, 100),
  (511722, 511700, 3, '宣汉县', 0, 100),
  (511723, 511700, 3, '开江县', 0, 100),
  (511724, 511700, 3, '大竹县', 0, 100),
  (511725, 511700, 3, '渠县', 0, 100),
  (511781, 511700, 3, '万源市', 0, 100),
  (511800, 510000, 2, '雅安市', 0, 100),
  (511801, 511800, 3, '市辖区', 0, 100),
  (511802, 511800, 3, '雨城区', 0, 100),
  (511803, 511800, 3, '名山区', 0, 100),
  (511822, 511800, 3, '荥经县', 0, 100),
  (511823, 511800, 3, '汉源县', 0, 100),
  (511824, 511800, 3, '石棉县', 0, 100),
  (511825, 511800, 3, '天全县', 0, 100),
  (511826, 511800, 3, '芦山县', 0, 100),
  (511827, 511800, 3, '宝兴县', 0, 100),
  (511900, 510000, 2, '巴中市', 0, 100),
  (511901, 511900, 3, '市辖区', 0, 100),
  (511902, 511900, 3, '巴州区', 0, 100),
  (511903, 511900, 3, '恩阳区', 0, 100),
  (511921, 511900, 3, '通江县', 0, 100),
  (511922, 511900, 3, '南江县', 0, 100),
  (511923, 511900, 3, '平昌县', 0, 100),
  (512000, 510000, 2, '资阳市', 0, 100),
  (512001, 512000, 3, '市辖区', 0, 100),
  (512002, 512000, 3, '雁江区', 0, 100),
  (512021, 512000, 3, '安岳县', 0, 100),
  (512022, 512000, 3, '乐至县', 0, 100),
  (513200, 510000, 2, '阿坝藏族羌族自治州', 0, 100),
  (513201, 513200, 3, '市辖区', 0, 100),
  (513221, 513200, 3, '汶川县', 0, 100),
  (513222, 513200, 3, '理县', 0, 100),
  (513223, 513200, 3, '茂县', 0, 100),
  (513224, 513200, 3, '松潘县', 0, 100),
  (513225, 513200, 3, '九寨沟县', 0, 100),
  (513226, 513200, 3, '金川县', 0, 100),
  (513227, 513200, 3, '小金县', 0, 100),
  (513228, 513200, 3, '黑水县', 0, 100),
  (513230, 513200, 3, '壤塘县', 0, 100),
  (513231, 513200, 3, '阿坝县', 0, 100),
  (513232, 513200, 3, '若尔盖县', 0, 100),
  (513233, 513200, 3, '红原县', 0, 100),
  (513300, 510000, 2, '甘孜藏族自治州', 0, 100),
  (513301, 513300, 3, '市辖区', 0, 100),
  (513322, 513300, 3, '泸定县', 0, 100),
  (513323, 513300, 3, '丹巴县', 0, 100),
  (513324, 513300, 3, '九龙县', 0, 100),
  (513325, 513300, 3, '雅江县', 0, 100),
  (513326, 513300, 3, '道孚县', 0, 100),
  (513327, 513300, 3, '炉霍县', 0, 100),
  (513328, 513300, 3, '甘孜县', 0, 100),
  (513329, 513300, 3, '新龙县', 0, 100),
  (513330, 513300, 3, '德格县', 0, 100),
  (513331, 513300, 3, '白玉县', 0, 100),
  (513332, 513300, 3, '石渠县', 0, 100),
  (513333, 513300, 3, '色达县', 0, 100),
  (513334, 513300, 3, '理塘县', 0, 100),
  (513335, 513300, 3, '巴塘县', 0, 100),
  (513336, 513300, 3, '乡城县', 0, 100),
  (513337, 513300, 3, '稻城县', 0, 100),
  (513338, 513300, 3, '得荣县', 0, 100),
  (513400, 510000, 2, '凉山彝族自治州', 0, 100),
  (513401, 513400, 3, '市辖区', 0, 100),
  (513422, 513400, 3, '木里藏族自治县', 0, 100),
  (513423, 513400, 3, '盐源县', 0, 100),
  (513424, 513400, 3, '德昌县', 0, 100),
  (513425, 513400, 3, '会理县', 0, 100),
  (513426, 513400, 3, '会东县', 0, 100),
  (513427, 513400, 3, '宁南县', 0, 100),
  (513428, 513400, 3, '普格县', 0, 100),
  (513429, 513400, 3, '布拖县', 0, 100),
  (513430, 513400, 3, '金阳县', 0, 100),
  (513431, 513400, 3, '昭觉县', 0, 100),
  (513432, 513400, 3, '喜德县', 0, 100),
  (513433, 513400, 3, '冕宁县', 0, 100),
  (513434, 513400, 3, '越西县', 0, 100),
  (513435, 513400, 3, '甘洛县', 0, 100),
  (513436, 513400, 3, '美姑县', 0, 100),
  (513437, 513400, 3, '雷波县', 0, 100),
  (520000, 0, 1, '贵州省', 0, 100),
  (520100, 520000, 2, '贵阳市', 0, 100),
  (520101, 520100, 3, '市辖区', 0, 100),
  (520102, 520100, 3, '南明区', 0, 100),
  (520103, 520100, 3, '云岩区', 0, 100),
  (520111, 520100, 3, '花溪区', 0, 100),
  (520112, 520100, 3, '乌当区', 0, 100),
  (520113, 520100, 3, '白云区', 0, 100),
  (520115, 520100, 3, '观山湖区', 0, 100),
  (520121, 520100, 3, '开阳县', 0, 100),
  (520122, 520100, 3, '息烽县', 0, 100),
  (520123, 520100, 3, '修文县', 0, 100),
  (520181, 520100, 3, '清镇市', 0, 100),
  (520200, 520000, 2, '六盘水市', 0, 100),
  (520201, 520200, 3, '钟山区', 0, 100),
  (520203, 520200, 3, '六枝特区', 0, 100),
  (520221, 520200, 3, '水城县', 0, 100),
  (520222, 520200, 3, '盘县', 0, 100),
  (520300, 520000, 2, '遵义市', 0, 100),
  (520301, 520300, 3, '市辖区', 0, 100),
  (520302, 520300, 3, '红花岗区', 0, 100),
  (520303, 520300, 3, '汇川区', 0, 100),
  (520304, 520300, 3, '播州区', 0, 100),
  (520322, 520300, 3, '桐梓县', 0, 100),
  (520323, 520300, 3, '绥阳县', 0, 100),
  (520324, 520300, 3, '正安县', 0, 100),
  (520325, 520300, 3, '道真仡佬族苗族自治县', 0, 100),
  (520326, 520300, 3, '务川仡佬族苗族自治县', 0, 100),
  (520327, 520300, 3, '凤冈县', 0, 100),
  (520328, 520300, 3, '湄潭县', 0, 100),
  (520329, 520300, 3, '余庆县', 0, 100),
  (520330, 520300, 3, '习水县', 0, 100),
  (520381, 520300, 3, '赤水市', 0, 100),
  (520382, 520300, 3, '仁怀市', 0, 100),
  (520400, 520000, 2, '安顺市', 0, 100),
  (520401, 520400, 3, '市辖区', 0, 100),
  (520402, 520400, 3, '西秀区', 0, 100),
  (520403, 520400, 3, '平坝区', 0, 100),
  (520422, 520400, 3, '普定县', 0, 100),
  (520423, 520400, 3, '镇宁布依族苗族自治县', 0, 100),
  (520424, 520400, 3, '关岭布依族苗族自治县', 0, 100),
  (520425, 520400, 3, '紫云苗族布依族自治县', 0, 100),
  (520500, 520000, 2, '毕节市', 0, 100),
  (520501, 520500, 3, '市辖区', 0, 100),
  (520502, 520500, 3, '七星关区', 0, 100),
  (520521, 520500, 3, '大方县', 0, 100),
  (520522, 520500, 3, '黔西县', 0, 100),
  (520523, 520500, 3, '金沙县', 0, 100),
  (520524, 520500, 3, '织金县', 0, 100),
  (520525, 520500, 3, '纳雍县', 0, 100),
  (520526, 520500, 3, '威宁彝族回族苗族自治县', 0, 100),
  (520527, 520500, 3, '赫章县', 0, 100),
  (520600, 520000, 2, '铜仁市', 0, 100),
  (520601, 520600, 3, '市辖区', 0, 100),
  (520602, 520600, 3, '碧江区', 0, 100),
  (520603, 520600, 3, '万山区', 0, 100),
  (520621, 520600, 3, '江口县', 0, 100),
  (520622, 520600, 3, '玉屏侗族自治县', 0, 100),
  (520623, 520600, 3, '石阡县', 0, 100),
  (520624, 520600, 3, '思南县', 0, 100),
  (520625, 520600, 3, '印江土家族苗族自治县', 0, 100),
  (520626, 520600, 3, '德江县', 0, 100),
  (520627, 520600, 3, '沿河土家族自治县', 0, 100),
  (520628, 520600, 3, '松桃苗族自治县', 0, 100),
  (522300, 520000, 2, '黔西南布依族苗族自治州', 0, 100),
  (522301, 522300, 3, '市辖区', 0, 100),
  (522322, 522300, 3, '兴仁县', 0, 100),
  (522323, 522300, 3, '普安县', 0, 100),
  (522324, 522300, 3, '晴隆县', 0, 100),
  (522325, 522300, 3, '贞丰县', 0, 100),
  (522326, 522300, 3, '望谟县', 0, 100),
  (522327, 522300, 3, '册亨县', 0, 100),
  (522328, 522300, 3, '安龙县', 0, 100),
  (522600, 520000, 2, '黔东南苗族侗族自治州', 0, 100),
  (522601, 522600, 3, '市辖区', 0, 100),
  (522622, 522600, 3, '黄平县', 0, 100),
  (522623, 522600, 3, '施秉县', 0, 100),
  (522624, 522600, 3, '三穗县', 0, 100),
  (522625, 522600, 3, '镇远县', 0, 100),
  (522626, 522600, 3, '岑巩县', 0, 100),
  (522627, 522600, 3, '天柱县', 0, 100),
  (522628, 522600, 3, '锦屏县', 0, 100),
  (522629, 522600, 3, '剑河县', 0, 100),
  (522630, 522600, 3, '台江县', 0, 100),
  (522631, 522600, 3, '黎平县', 0, 100),
  (522632, 522600, 3, '榕江县', 0, 100),
  (522633, 522600, 3, '从江县', 0, 100),
  (522634, 522600, 3, '雷山县', 0, 100),
  (522635, 522600, 3, '麻江县', 0, 100),
  (522636, 522600, 3, '丹寨县', 0, 100),
  (522700, 520000, 2, '黔南布依族苗族自治州', 0, 100),
  (522701, 522700, 3, '市辖区', 0, 100),
  (522702, 522700, 3, '福泉市', 0, 100),
  (522722, 522700, 3, '荔波县', 0, 100),
  (522723, 522700, 3, '贵定县', 0, 100),
  (522725, 522700, 3, '瓮安县', 0, 100),
  (522726, 522700, 3, '独山县', 0, 100),
  (522727, 522700, 3, '平塘县', 0, 100),
  (522728, 522700, 3, '罗甸县', 0, 100),
  (522729, 522700, 3, '长顺县', 0, 100),
  (522730, 522700, 3, '龙里县', 0, 100),
  (522731, 522700, 3, '惠水县', 0, 100),
  (522732, 522700, 3, '三都水族自治县', 0, 100),
  (530000, 0, 1, '云南省', 0, 100),
  (530100, 530000, 2, '昆明市', 0, 100),
  (530101, 530100, 3, '市辖区', 0, 100),
  (530102, 530100, 3, '五华区', 0, 100),
  (530103, 530100, 3, '盘龙区', 0, 100),
  (530111, 530100, 3, '官渡区', 0, 100),
  (530112, 530100, 3, '西山区', 0, 100),
  (530113, 530100, 3, '东川区', 0, 100),
  (530114, 530100, 3, '呈贡区', 0, 100),
  (530122, 530100, 3, '晋宁县', 0, 100),
  (530124, 530100, 3, '富民县', 0, 100),
  (530125, 530100, 3, '宜良县', 0, 100),
  (530126, 530100, 3, '石林彝族自治县', 0, 100),
  (530127, 530100, 3, '嵩明县', 0, 100),
  (530128, 530100, 3, '禄劝彝族苗族自治县', 0, 100),
  (530129, 530100, 3, '寻甸回族彝族自治县', 0, 100),
  (530181, 530100, 3, '安宁市', 0, 100),
  (530300, 530000, 2, '曲靖市', 0, 100),
  (530301, 530300, 3, '市辖区', 0, 100),
  (530302, 530300, 3, '麒麟区', 0, 100),
  (530303, 530300, 3, '沾益区', 0, 100),
  (530321, 530300, 3, '马龙县', 0, 100),
  (530322, 530300, 3, '陆良县', 0, 100),
  (530323, 530300, 3, '师宗县', 0, 100),
  (530324, 530300, 3, '罗平县', 0, 100),
  (530325, 530300, 3, '富源县', 0, 100),
  (530326, 530300, 3, '会泽县', 0, 100),
  (530381, 530300, 3, '宣威市', 0, 100),
  (530400, 530000, 2, '玉溪市', 0, 100),
  (530401, 530400, 3, '市辖区', 0, 100),
  (530402, 530400, 3, '红塔区', 0, 100),
  (530403, 530400, 3, '江川区', 0, 100),
  (530422, 530400, 3, '澄江县', 0, 100),
  (530423, 530400, 3, '通海县', 0, 100),
  (530424, 530400, 3, '华宁县', 0, 100),
  (530425, 530400, 3, '易门县', 0, 100),
  (530426, 530400, 3, '峨山彝族自治县', 0, 100),
  (530427, 530400, 3, '新平彝族傣族自治县', 0, 100),
  (530428, 530400, 3, '元江哈尼族彝族傣族自治县', 0, 100),
  (530500, 530000, 2, '保山市', 0, 100),
  (530501, 530500, 3, '市辖区', 0, 100),
  (530502, 530500, 3, '隆阳区', 0, 100),
  (530521, 530500, 3, '施甸县', 0, 100),
  (530523, 530500, 3, '龙陵县', 0, 100),
  (530524, 530500, 3, '昌宁县', 0, 100),
  (530581, 530500, 3, '腾冲市', 0, 100),
  (530600, 530000, 2, '昭通市', 0, 100),
  (530601, 530600, 3, '市辖区', 0, 100),
  (530602, 530600, 3, '昭阳区', 0, 100),
  (530621, 530600, 3, '鲁甸县', 0, 100),
  (530622, 530600, 3, '巧家县', 0, 100),
  (530623, 530600, 3, '盐津县', 0, 100),
  (530624, 530600, 3, '大关县', 0, 100),
  (530625, 530600, 3, '永善县', 0, 100),
  (530626, 530600, 3, '绥江县', 0, 100),
  (530627, 530600, 3, '镇雄县', 0, 100),
  (530628, 530600, 3, '彝良县', 0, 100),
  (530629, 530600, 3, '威信县', 0, 100),
  (530630, 530600, 3, '水富县', 0, 100),
  (530700, 530000, 2, '丽江市', 0, 100),
  (530701, 530700, 3, '市辖区', 0, 100),
  (530702, 530700, 3, '古城区', 0, 100),
  (530721, 530700, 3, '玉龙纳西族自治县', 0, 100),
  (530722, 530700, 3, '永胜县', 0, 100),
  (530723, 530700, 3, '华坪县', 0, 100),
  (530724, 530700, 3, '宁蒗彝族自治县', 0, 100),
  (530800, 530000, 2, '普洱市', 0, 100),
  (530801, 530800, 3, '市辖区', 0, 100),
  (530802, 530800, 3, '思茅区', 0, 100),
  (530821, 530800, 3, '宁洱哈尼族彝族自治县', 0, 100),
  (530822, 530800, 3, '墨江哈尼族自治县', 0, 100),
  (530823, 530800, 3, '景东彝族自治县', 0, 100),
  (530824, 530800, 3, '景谷傣族彝族自治县', 0, 100),
  (530825, 530800, 3, '镇沅彝族哈尼族拉祜族自治县', 0, 100),
  (530826, 530800, 3, '江城哈尼族彝族自治县', 0, 100),
  (530827, 530800, 3, '孟连傣族拉祜族佤族自治县', 0, 100),
  (530828, 530800, 3, '澜沧拉祜族自治县', 0, 100),
  (530829, 530800, 3, '西盟佤族自治县', 0, 100),
  (530900, 530000, 2, '临沧市', 0, 100),
  (530901, 530900, 3, '市辖区', 0, 100),
  (530902, 530900, 3, '临翔区', 0, 100),
  (530921, 530900, 3, '凤庆县', 0, 100),
  (530922, 530900, 3, '云县', 0, 100),
  (530923, 530900, 3, '永德县', 0, 100),
  (530924, 530900, 3, '镇康县', 0, 100),
  (530925, 530900, 3, '双江拉祜族佤族布朗族傣族自治县', 0, 100),
  (530926, 530900, 3, '耿马傣族佤族自治县', 0, 100),
  (530927, 530900, 3, '沧源佤族自治县', 0, 100),
  (532300, 530000, 2, '楚雄彝族自治州', 0, 100),
  (532301, 532300, 3, '市辖区', 0, 100),
  (532322, 532300, 3, '双柏县', 0, 100),
  (532323, 532300, 3, '牟定县', 0, 100),
  (532324, 532300, 3, '南华县', 0, 100),
  (532325, 532300, 3, '姚安县', 0, 100),
  (532326, 532300, 3, '大姚县', 0, 100),
  (532327, 532300, 3, '永仁县', 0, 100);
INSERT INTO `area` (`id`, `parent_id`, `depth`, `name`, `postal_code`, `sort`) VALUES
  (532328, 532300, 3, '元谋县', 0, 100),
  (532329, 532300, 3, '武定县', 0, 100),
  (532331, 532300, 3, '禄丰县', 0, 100),
  (532500, 530000, 2, '红河哈尼族彝族自治州', 0, 100),
  (532501, 532500, 3, '市辖区', 0, 100),
  (532502, 532500, 3, '开远市', 0, 100),
  (532503, 532500, 3, '蒙自市', 0, 100),
  (532504, 532500, 3, '弥勒市', 0, 100),
  (532523, 532500, 3, '屏边苗族自治县', 0, 100),
  (532524, 532500, 3, '建水县', 0, 100),
  (532525, 532500, 3, '石屏县', 0, 100),
  (532527, 532500, 3, '泸西县', 0, 100),
  (532528, 532500, 3, '元阳县', 0, 100),
  (532529, 532500, 3, '红河县', 0, 100),
  (532530, 532500, 3, '金平苗族瑶族傣族自治县', 0, 100),
  (532531, 532500, 3, '绿春县', 0, 100),
  (532532, 532500, 3, '河口瑶族自治县', 0, 100),
  (532600, 530000, 2, '文山壮族苗族自治州', 0, 100),
  (532601, 532600, 3, '市辖区', 0, 100),
  (532622, 532600, 3, '砚山县', 0, 100),
  (532623, 532600, 3, '西畴县', 0, 100),
  (532624, 532600, 3, '麻栗坡县', 0, 100),
  (532625, 532600, 3, '马关县', 0, 100),
  (532626, 532600, 3, '丘北县', 0, 100),
  (532627, 532600, 3, '广南县', 0, 100),
  (532628, 532600, 3, '富宁县', 0, 100),
  (532800, 530000, 2, '西双版纳傣族自治州', 0, 100),
  (532801, 532800, 3, '市辖区', 0, 100),
  (532822, 532800, 3, '勐海县', 0, 100),
  (532823, 532800, 3, '勐腊县', 0, 100),
  (532900, 530000, 2, '大理白族自治州', 0, 100),
  (532901, 532900, 3, '市辖区', 0, 100),
  (532922, 532900, 3, '漾濞彝族自治县', 0, 100),
  (532923, 532900, 3, '祥云县', 0, 100),
  (532924, 532900, 3, '宾川县', 0, 100),
  (532925, 532900, 3, '弥渡县', 0, 100),
  (532926, 532900, 3, '南涧彝族自治县', 0, 100),
  (532927, 532900, 3, '巍山彝族回族自治县', 0, 100),
  (532928, 532900, 3, '永平县', 0, 100),
  (532929, 532900, 3, '云龙县', 0, 100),
  (532930, 532900, 3, '洱源县', 0, 100),
  (532931, 532900, 3, '剑川县', 0, 100),
  (532932, 532900, 3, '鹤庆县', 0, 100),
  (533100, 530000, 2, '德宏傣族景颇族自治州', 0, 100),
  (533102, 533100, 3, '瑞丽市', 0, 100),
  (533103, 533100, 3, '芒市', 0, 100),
  (533122, 533100, 3, '梁河县', 0, 100),
  (533123, 533100, 3, '盈江县', 0, 100),
  (533124, 533100, 3, '陇川县', 0, 100),
  (533300, 530000, 2, '怒江傈僳族自治州', 0, 100),
  (533301, 533300, 3, '市辖区', 0, 100),
  (533323, 533300, 3, '福贡县', 0, 100),
  (533324, 533300, 3, '贡山独龙族怒族自治县', 0, 100),
  (533325, 533300, 3, '兰坪白族普米族自治县', 0, 100),
  (533400, 530000, 2, '迪庆藏族自治州', 0, 100),
  (533401, 533400, 3, '市辖区', 0, 100),
  (533422, 533400, 3, '德钦县', 0, 100),
  (533423, 533400, 3, '维西傈僳族自治县', 0, 100),
  (540000, 0, 1, '西藏自治区', 0, 100),
  (540100, 540000, 2, '拉萨市', 0, 100),
  (540101, 540100, 3, '市辖区', 0, 100),
  (540102, 540100, 3, '城关区', 0, 100),
  (540103, 540100, 3, '堆龙德庆区', 0, 100),
  (540121, 540100, 3, '林周县', 0, 100),
  (540122, 540100, 3, '当雄县', 0, 100),
  (540123, 540100, 3, '尼木县', 0, 100),
  (540124, 540100, 3, '曲水县', 0, 100),
  (540126, 540100, 3, '达孜县', 0, 100),
  (540127, 540100, 3, '墨竹工卡县', 0, 100),
  (540200, 540000, 2, '日喀则市', 0, 100),
  (540202, 540200, 3, '桑珠孜区', 0, 100),
  (540221, 540200, 3, '南木林县', 0, 100),
  (540222, 540200, 3, '江孜县', 0, 100),
  (540223, 540200, 3, '定日县', 0, 100),
  (540224, 540200, 3, '萨迦县', 0, 100),
  (540225, 540200, 3, '拉孜县', 0, 100),
  (540226, 540200, 3, '昂仁县', 0, 100),
  (540227, 540200, 3, '谢通门县', 0, 100),
  (540228, 540200, 3, '白朗县', 0, 100),
  (540229, 540200, 3, '仁布县', 0, 100),
  (540230, 540200, 3, '康马县', 0, 100),
  (540231, 540200, 3, '定结县', 0, 100),
  (540232, 540200, 3, '仲巴县', 0, 100),
  (540233, 540200, 3, '亚东县', 0, 100),
  (540234, 540200, 3, '吉隆县', 0, 100),
  (540235, 540200, 3, '聂拉木县', 0, 100),
  (540236, 540200, 3, '萨嘎县', 0, 100),
  (540237, 540200, 3, '岗巴县', 0, 100),
  (540300, 540000, 2, '昌都市', 0, 100),
  (540302, 540300, 3, '卡若区', 0, 100),
  (540321, 540300, 3, '江达县', 0, 100),
  (540322, 540300, 3, '贡觉县', 0, 100),
  (540323, 540300, 3, '类乌齐县', 0, 100),
  (540324, 540300, 3, '丁青县', 0, 100),
  (540325, 540300, 3, '察雅县', 0, 100),
  (540326, 540300, 3, '八宿县', 0, 100),
  (540327, 540300, 3, '左贡县', 0, 100),
  (540328, 540300, 3, '芒康县', 0, 100),
  (540329, 540300, 3, '洛隆县', 0, 100),
  (540330, 540300, 3, '边坝县', 0, 100),
  (540400, 540000, 2, '林芝市', 0, 100),
  (540402, 540400, 3, '巴宜区', 0, 100),
  (540421, 540400, 3, '工布江达县', 0, 100),
  (540422, 540400, 3, '米林县', 0, 100),
  (540423, 540400, 3, '墨脱县', 0, 100),
  (540424, 540400, 3, '波密县', 0, 100),
  (540425, 540400, 3, '察隅县', 0, 100),
  (540426, 540400, 3, '朗县', 0, 100),
  (540500, 540000, 2, '山南市', 0, 100),
  (540501, 540500, 3, '市辖区', 0, 100),
  (540502, 540500, 3, '乃东区', 0, 100),
  (540521, 540500, 3, '扎囊县', 0, 100),
  (540522, 540500, 3, '贡嘎县', 0, 100),
  (540523, 540500, 3, '桑日县', 0, 100),
  (540524, 540500, 3, '琼结县', 0, 100),
  (540525, 540500, 3, '曲松县', 0, 100),
  (540526, 540500, 3, '措美县', 0, 100),
  (540527, 540500, 3, '洛扎县', 0, 100),
  (540528, 540500, 3, '加查县', 0, 100),
  (540529, 540500, 3, '隆子县', 0, 100),
  (540530, 540500, 3, '错那县', 0, 100),
  (540531, 540500, 3, '浪卡子县', 0, 100),
  (542400, 540000, 2, '那曲地区', 0, 100),
  (542421, 542400, 3, '那曲县', 0, 100),
  (542422, 542400, 3, '嘉黎县', 0, 100),
  (542423, 542400, 3, '比如县', 0, 100),
  (542424, 542400, 3, '聂荣县', 0, 100),
  (542425, 542400, 3, '安多县', 0, 100),
  (542426, 542400, 3, '申扎县', 0, 100),
  (542427, 542400, 3, '索县', 0, 100),
  (542428, 542400, 3, '班戈县', 0, 100),
  (542429, 542400, 3, '巴青县', 0, 100),
  (542430, 542400, 3, '尼玛县', 0, 100),
  (542431, 542400, 3, '双湖县', 0, 100),
  (542500, 540000, 2, '阿里地区', 0, 100),
  (542521, 542500, 3, '普兰县', 0, 100),
  (542522, 542500, 3, '札达县', 0, 100),
  (542523, 542500, 3, '噶尔县', 0, 100),
  (542524, 542500, 3, '日土县', 0, 100),
  (542525, 542500, 3, '革吉县', 0, 100),
  (542526, 542500, 3, '改则县', 0, 100),
  (542527, 542500, 3, '措勤县', 0, 100),
  (610000, 0, 1, '陕西省', 0, 100),
  (610100, 610000, 2, '西安市', 0, 100),
  (610101, 610100, 3, '市辖区', 0, 100),
  (610102, 610100, 3, '新城区', 0, 100),
  (610103, 610100, 3, '碑林区', 0, 100),
  (610104, 610100, 3, '莲湖区', 0, 100),
  (610111, 610100, 3, '灞桥区', 0, 100),
  (610112, 610100, 3, '未央区', 0, 100),
  (610113, 610100, 3, '雁塔区', 0, 100),
  (610114, 610100, 3, '阎良区', 0, 100),
  (610115, 610100, 3, '临潼区', 0, 100),
  (610116, 610100, 3, '长安区', 0, 100),
  (610117, 610100, 3, '高陵区', 0, 100),
  (610122, 610100, 3, '蓝田县', 0, 100),
  (610124, 610100, 3, '周至县', 0, 100),
  (610125, 610100, 3, '户县', 0, 100),
  (610200, 610000, 2, '铜川市', 0, 100),
  (610201, 610200, 3, '市辖区', 0, 100),
  (610202, 610200, 3, '王益区', 0, 100),
  (610203, 610200, 3, '印台区', 0, 100),
  (610204, 610200, 3, '耀州区', 0, 100),
  (610222, 610200, 3, '宜君县', 0, 100),
  (610300, 610000, 2, '宝鸡市', 0, 100),
  (610301, 610300, 3, '市辖区', 0, 100),
  (610302, 610300, 3, '渭滨区', 0, 100),
  (610303, 610300, 3, '金台区', 0, 100),
  (610304, 610300, 3, '陈仓区', 0, 100),
  (610322, 610300, 3, '凤翔县', 0, 100),
  (610323, 610300, 3, '岐山县', 0, 100),
  (610324, 610300, 3, '扶风县', 0, 100),
  (610326, 610300, 3, '眉县', 0, 100),
  (610327, 610300, 3, '陇县', 0, 100),
  (610328, 610300, 3, '千阳县', 0, 100),
  (610329, 610300, 3, '麟游县', 0, 100),
  (610330, 610300, 3, '凤县', 0, 100),
  (610331, 610300, 3, '太白县', 0, 100),
  (610400, 610000, 2, '咸阳市', 0, 100),
  (610401, 610400, 3, '市辖区', 0, 100),
  (610402, 610400, 3, '秦都区', 0, 100),
  (610403, 610400, 3, '杨陵区', 0, 100),
  (610404, 610400, 3, '渭城区', 0, 100),
  (610422, 610400, 3, '三原县', 0, 100),
  (610423, 610400, 3, '泾阳县', 0, 100),
  (610424, 610400, 3, '乾县', 0, 100),
  (610425, 610400, 3, '礼泉县', 0, 100),
  (610426, 610400, 3, '永寿县', 0, 100),
  (610427, 610400, 3, '彬县', 0, 100),
  (610428, 610400, 3, '长武县', 0, 100),
  (610429, 610400, 3, '旬邑县', 0, 100),
  (610430, 610400, 3, '淳化县', 0, 100),
  (610431, 610400, 3, '武功县', 0, 100),
  (610481, 610400, 3, '兴平市', 0, 100),
  (610500, 610000, 2, '渭南市', 0, 100),
  (610501, 610500, 3, '市辖区', 0, 100),
  (610502, 610500, 3, '临渭区', 0, 100),
  (610503, 610500, 3, '华州区', 0, 100),
  (610522, 610500, 3, '潼关县', 0, 100),
  (610523, 610500, 3, '大荔县', 0, 100),
  (610524, 610500, 3, '合阳县', 0, 100),
  (610525, 610500, 3, '澄城县', 0, 100),
  (610526, 610500, 3, '蒲城县', 0, 100),
  (610527, 610500, 3, '白水县', 0, 100),
  (610528, 610500, 3, '富平县', 0, 100),
  (610581, 610500, 3, '韩城市', 0, 100),
  (610582, 610500, 3, '华阴市', 0, 100),
  (610600, 610000, 2, '延安市', 0, 100),
  (610601, 610600, 3, '市辖区', 0, 100),
  (610602, 610600, 3, '宝塔区', 0, 100),
  (610603, 610600, 3, '安塞区', 0, 100),
  (610621, 610600, 3, '延长县', 0, 100),
  (610622, 610600, 3, '延川县', 0, 100),
  (610623, 610600, 3, '子长县', 0, 100),
  (610625, 610600, 3, '志丹县', 0, 100),
  (610626, 610600, 3, '吴起县', 0, 100),
  (610627, 610600, 3, '甘泉县', 0, 100),
  (610628, 610600, 3, '富县', 0, 100),
  (610629, 610600, 3, '洛川县', 0, 100),
  (610630, 610600, 3, '宜川县', 0, 100),
  (610631, 610600, 3, '黄龙县', 0, 100),
  (610632, 610600, 3, '黄陵县', 0, 100),
  (610700, 610000, 2, '汉中市', 0, 100),
  (610701, 610700, 3, '市辖区', 0, 100),
  (610702, 610700, 3, '汉台区', 0, 100),
  (610721, 610700, 3, '南郑县', 0, 100),
  (610722, 610700, 3, '城固县', 0, 100),
  (610723, 610700, 3, '洋县', 0, 100),
  (610724, 610700, 3, '西乡县', 0, 100),
  (610725, 610700, 3, '勉县', 0, 100),
  (610726, 610700, 3, '宁强县', 0, 100),
  (610727, 610700, 3, '略阳县', 0, 100),
  (610728, 610700, 3, '镇巴县', 0, 100),
  (610729, 610700, 3, '留坝县', 0, 100),
  (610730, 610700, 3, '佛坪县', 0, 100),
  (610800, 610000, 2, '榆林市', 0, 100),
  (610801, 610800, 3, '市辖区', 0, 100),
  (610802, 610800, 3, '榆阳区', 0, 100),
  (610803, 610800, 3, '横山区', 0, 100),
  (610821, 610800, 3, '神木县', 0, 100),
  (610822, 610800, 3, '府谷县', 0, 100),
  (610824, 610800, 3, '靖边县', 0, 100),
  (610825, 610800, 3, '定边县', 0, 100),
  (610826, 610800, 3, '绥德县', 0, 100),
  (610827, 610800, 3, '米脂县', 0, 100),
  (610828, 610800, 3, '佳县', 0, 100),
  (610829, 610800, 3, '吴堡县', 0, 100),
  (610830, 610800, 3, '清涧县', 0, 100),
  (610831, 610800, 3, '子洲县', 0, 100),
  (610900, 610000, 2, '安康市', 0, 100),
  (610901, 610900, 3, '市辖区', 0, 100),
  (610902, 610900, 3, '汉滨区', 0, 100),
  (610921, 610900, 3, '汉阴县', 0, 100),
  (610922, 610900, 3, '石泉县', 0, 100),
  (610923, 610900, 3, '宁陕县', 0, 100),
  (610924, 610900, 3, '紫阳县', 0, 100),
  (610925, 610900, 3, '岚皋县', 0, 100),
  (610926, 610900, 3, '平利县', 0, 100),
  (610927, 610900, 3, '镇坪县', 0, 100),
  (610928, 610900, 3, '旬阳县', 0, 100),
  (610929, 610900, 3, '白河县', 0, 100),
  (611000, 610000, 2, '商洛市', 0, 100),
  (611001, 611000, 3, '市辖区', 0, 100),
  (611002, 611000, 3, '商州区', 0, 100),
  (611021, 611000, 3, '洛南县', 0, 100),
  (611022, 611000, 3, '丹凤县', 0, 100),
  (611023, 611000, 3, '商南县', 0, 100),
  (611024, 611000, 3, '山阳县', 0, 100),
  (611025, 611000, 3, '镇安县', 0, 100),
  (611026, 611000, 3, '柞水县', 0, 100),
  (620000, 0, 1, '甘肃省', 0, 100),
  (620100, 620000, 2, '兰州市', 0, 100),
  (620101, 620100, 3, '市辖区', 0, 100),
  (620102, 620100, 3, '城关区', 0, 100),
  (620103, 620100, 3, '七里河区', 0, 100),
  (620104, 620100, 3, '西固区', 0, 100),
  (620105, 620100, 3, '安宁区', 0, 100),
  (620111, 620100, 3, '红古区', 0, 100),
  (620121, 620100, 3, '永登县', 0, 100),
  (620122, 620100, 3, '皋兰县', 0, 100),
  (620123, 620100, 3, '榆中县', 0, 100),
  (620200, 620000, 2, '嘉峪关市', 0, 100),
  (620201, 620200, 3, '市辖区', 0, 100),
  (620300, 620000, 2, '金昌市', 0, 100),
  (620301, 620300, 3, '市辖区', 0, 100),
  (620302, 620300, 3, '金川区', 0, 100),
  (620321, 620300, 3, '永昌县', 0, 100),
  (620400, 620000, 2, '白银市', 0, 100),
  (620401, 620400, 3, '市辖区', 0, 100),
  (620402, 620400, 3, '白银区', 0, 100),
  (620403, 620400, 3, '平川区', 0, 100),
  (620421, 620400, 3, '靖远县', 0, 100),
  (620422, 620400, 3, '会宁县', 0, 100),
  (620423, 620400, 3, '景泰县', 0, 100),
  (620500, 620000, 2, '天水市', 0, 100),
  (620501, 620500, 3, '市辖区', 0, 100),
  (620502, 620500, 3, '秦州区', 0, 100),
  (620503, 620500, 3, '麦积区', 0, 100),
  (620521, 620500, 3, '清水县', 0, 100),
  (620522, 620500, 3, '秦安县', 0, 100),
  (620523, 620500, 3, '甘谷县', 0, 100),
  (620524, 620500, 3, '武山县', 0, 100),
  (620525, 620500, 3, '张家川回族自治县', 0, 100),
  (620600, 620000, 2, '武威市', 0, 100),
  (620601, 620600, 3, '市辖区', 0, 100),
  (620602, 620600, 3, '凉州区', 0, 100),
  (620621, 620600, 3, '民勤县', 0, 100),
  (620622, 620600, 3, '古浪县', 0, 100),
  (620623, 620600, 3, '天祝藏族自治县', 0, 100),
  (620700, 620000, 2, '张掖市', 0, 100),
  (620701, 620700, 3, '市辖区', 0, 100),
  (620702, 620700, 3, '甘州区', 0, 100),
  (620721, 620700, 3, '肃南裕固族自治县', 0, 100),
  (620722, 620700, 3, '民乐县', 0, 100),
  (620723, 620700, 3, '临泽县', 0, 100),
  (620724, 620700, 3, '高台县', 0, 100),
  (620725, 620700, 3, '山丹县', 0, 100),
  (620800, 620000, 2, '平凉市', 0, 100),
  (620801, 620800, 3, '市辖区', 0, 100),
  (620802, 620800, 3, '崆峒区', 0, 100),
  (620821, 620800, 3, '泾川县', 0, 100),
  (620822, 620800, 3, '灵台县', 0, 100),
  (620823, 620800, 3, '崇信县', 0, 100),
  (620824, 620800, 3, '华亭县', 0, 100),
  (620825, 620800, 3, '庄浪县', 0, 100),
  (620826, 620800, 3, '静宁县', 0, 100),
  (620900, 620000, 2, '酒泉市', 0, 100),
  (620901, 620900, 3, '市辖区', 0, 100),
  (620902, 620900, 3, '肃州区', 0, 100),
  (620921, 620900, 3, '金塔县', 0, 100),
  (620922, 620900, 3, '瓜州县', 0, 100),
  (620923, 620900, 3, '肃北蒙古族自治县', 0, 100),
  (620924, 620900, 3, '阿克塞哈萨克族自治县', 0, 100),
  (620981, 620900, 3, '玉门市', 0, 100),
  (620982, 620900, 3, '敦煌市', 0, 100),
  (621000, 620000, 2, '庆阳市', 0, 100),
  (621001, 621000, 3, '市辖区', 0, 100),
  (621002, 621000, 3, '西峰区', 0, 100),
  (621021, 621000, 3, '庆城县', 0, 100),
  (621022, 621000, 3, '环县', 0, 100),
  (621023, 621000, 3, '华池县', 0, 100),
  (621024, 621000, 3, '合水县', 0, 100),
  (621025, 621000, 3, '正宁县', 0, 100),
  (621026, 621000, 3, '宁县', 0, 100),
  (621027, 621000, 3, '镇原县', 0, 100),
  (621100, 620000, 2, '定西市', 0, 100),
  (621101, 621100, 3, '市辖区', 0, 100),
  (621102, 621100, 3, '安定区', 0, 100),
  (621121, 621100, 3, '通渭县', 0, 100),
  (621122, 621100, 3, '陇西县', 0, 100),
  (621123, 621100, 3, '渭源县', 0, 100),
  (621124, 621100, 3, '临洮县', 0, 100),
  (621125, 621100, 3, '漳县', 0, 100),
  (621126, 621100, 3, '岷县', 0, 100),
  (621200, 620000, 2, '陇南市', 0, 100),
  (621201, 621200, 3, '市辖区', 0, 100),
  (621202, 621200, 3, '武都区', 0, 100),
  (621221, 621200, 3, '成县', 0, 100),
  (621222, 621200, 3, '文县', 0, 100),
  (621223, 621200, 3, '宕昌县', 0, 100),
  (621224, 621200, 3, '康县', 0, 100),
  (621225, 621200, 3, '西和县', 0, 100),
  (621226, 621200, 3, '礼县', 0, 100),
  (621227, 621200, 3, '徽县', 0, 100),
  (621228, 621200, 3, '两当县', 0, 100),
  (622900, 620000, 2, '临夏回族自治州', 0, 100),
  (622901, 622900, 3, '市辖区', 0, 100),
  (622921, 622900, 3, '临夏县', 0, 100),
  (622922, 622900, 3, '康乐县', 0, 100),
  (622923, 622900, 3, '永靖县', 0, 100),
  (622924, 622900, 3, '广河县', 0, 100),
  (622925, 622900, 3, '和政县', 0, 100),
  (622926, 622900, 3, '东乡族自治县', 0, 100),
  (622927, 622900, 3, '积石山保安族东乡族撒拉族自治县', 0, 100),
  (623000, 620000, 2, '甘南藏族自治州', 0, 100),
  (623001, 623000, 3, '市辖区', 0, 100),
  (623021, 623000, 3, '临潭县', 0, 100),
  (623022, 623000, 3, '卓尼县', 0, 100),
  (623023, 623000, 3, '舟曲县', 0, 100),
  (623024, 623000, 3, '迭部县', 0, 100),
  (623025, 623000, 3, '玛曲县', 0, 100),
  (623026, 623000, 3, '碌曲县', 0, 100),
  (623027, 623000, 3, '夏河县', 0, 100),
  (630000, 0, 1, '青海省', 0, 100),
  (630100, 630000, 2, '西宁市', 0, 100),
  (630101, 630100, 3, '市辖区', 0, 100),
  (630102, 630100, 3, '城东区', 0, 100),
  (630103, 630100, 3, '城中区', 0, 100),
  (630104, 630100, 3, '城西区', 0, 100),
  (630105, 630100, 3, '城北区', 0, 100),
  (630121, 630100, 3, '大通回族土族自治县', 0, 100),
  (630122, 630100, 3, '湟中县', 0, 100),
  (630123, 630100, 3, '湟源县', 0, 100),
  (630200, 630000, 2, '海东市', 0, 100),
  (630202, 630200, 3, '乐都区', 0, 100),
  (630203, 630200, 3, '平安区', 0, 100),
  (630222, 630200, 3, '民和回族土族自治县', 0, 100),
  (630223, 630200, 3, '互助土族自治县', 0, 100),
  (630224, 630200, 3, '化隆回族自治县', 0, 100),
  (630225, 630200, 3, '循化撒拉族自治县', 0, 100),
  (632200, 630000, 2, '海北藏族自治州', 0, 100),
  (632221, 632200, 3, '门源回族自治县', 0, 100),
  (632222, 632200, 3, '祁连县', 0, 100),
  (632223, 632200, 3, '海晏县', 0, 100),
  (632224, 632200, 3, '刚察县', 0, 100),
  (632300, 630000, 2, '黄南藏族自治州', 0, 100),
  (632321, 632300, 3, '同仁县', 0, 100),
  (632322, 632300, 3, '尖扎县', 0, 100),
  (632323, 632300, 3, '泽库县', 0, 100),
  (632324, 632300, 3, '河南蒙古族自治县', 0, 100),
  (632500, 630000, 2, '海南藏族自治州', 0, 100),
  (632521, 632500, 3, '共和县', 0, 100),
  (632522, 632500, 3, '同德县', 0, 100),
  (632523, 632500, 3, '贵德县', 0, 100),
  (632524, 632500, 3, '兴海县', 0, 100),
  (632525, 632500, 3, '贵南县', 0, 100),
  (632600, 630000, 2, '果洛藏族自治州', 0, 100),
  (632621, 632600, 3, '玛沁县', 0, 100),
  (632622, 632600, 3, '班玛县', 0, 100),
  (632623, 632600, 3, '甘德县', 0, 100),
  (632624, 632600, 3, '达日县', 0, 100),
  (632625, 632600, 3, '久治县', 0, 100),
  (632626, 632600, 3, '玛多县', 0, 100),
  (632700, 630000, 2, '玉树藏族自治州', 0, 100),
  (632701, 632700, 3, '市辖区', 0, 100),
  (632722, 632700, 3, '杂多县', 0, 100),
  (632723, 632700, 3, '称多县', 0, 100),
  (632724, 632700, 3, '治多县', 0, 100),
  (632725, 632700, 3, '囊谦县', 0, 100),
  (632726, 632700, 3, '曲麻莱县', 0, 100),
  (632800, 630000, 2, '海西蒙古族藏族自治州', 0, 100),
  (632801, 632800, 3, '市辖区', 0, 100),
  (632802, 632800, 3, '德令哈市', 0, 100),
  (632821, 632800, 3, '乌兰县', 0, 100),
  (632822, 632800, 3, '都兰县', 0, 100),
  (632823, 632800, 3, '天峻县', 0, 100),
  (640000, 0, 1, '宁夏回族自治区', 0, 100),
  (640100, 640000, 2, '银川市', 0, 100),
  (640101, 640100, 3, '市辖区', 0, 100),
  (640104, 640100, 3, '兴庆区', 0, 100),
  (640105, 640100, 3, '西夏区', 0, 100),
  (640106, 640100, 3, '金凤区', 0, 100),
  (640121, 640100, 3, '永宁县', 0, 100),
  (640122, 640100, 3, '贺兰县', 0, 100),
  (640181, 640100, 3, '灵武市', 0, 100),
  (640200, 640000, 2, '石嘴山市', 0, 100),
  (640201, 640200, 3, '市辖区', 0, 100),
  (640202, 640200, 3, '大武口区', 0, 100),
  (640205, 640200, 3, '惠农区', 0, 100),
  (640221, 640200, 3, '平罗县', 0, 100),
  (640300, 640000, 2, '吴忠市', 0, 100),
  (640301, 640300, 3, '市辖区', 0, 100),
  (640302, 640300, 3, '利通区', 0, 100),
  (640303, 640300, 3, '红寺堡区', 0, 100),
  (640323, 640300, 3, '盐池县', 0, 100),
  (640324, 640300, 3, '同心县', 0, 100),
  (640381, 640300, 3, '青铜峡市', 0, 100),
  (640400, 640000, 2, '固原市', 0, 100),
  (640401, 640400, 3, '市辖区', 0, 100),
  (640402, 640400, 3, '原州区', 0, 100),
  (640422, 640400, 3, '西吉县', 0, 100),
  (640423, 640400, 3, '隆德县', 0, 100),
  (640424, 640400, 3, '泾源县', 0, 100),
  (640425, 640400, 3, '彭阳县', 0, 100),
  (640500, 640000, 2, '中卫市', 0, 100),
  (640501, 640500, 3, '市辖区', 0, 100),
  (640502, 640500, 3, '沙坡头区', 0, 100),
  (640521, 640500, 3, '中宁县', 0, 100),
  (640522, 640500, 3, '海原县', 0, 100),
  (650000, 0, 1, '新疆维吾尔自治区', 0, 100),
  (650100, 650000, 2, '乌鲁木齐市', 0, 100),
  (650101, 650100, 3, '市辖区', 0, 100),
  (650102, 650100, 3, '天山区', 0, 100),
  (650103, 650100, 3, '沙依巴克区', 0, 100),
  (650104, 650100, 3, '新市区', 0, 100),
  (650105, 650100, 3, '水磨沟区', 0, 100),
  (650106, 650100, 3, '头屯河区', 0, 100),
  (650107, 650100, 3, '达坂城区', 0, 100),
  (650109, 650100, 3, '米东区', 0, 100),
  (650121, 650100, 3, '乌鲁木齐县', 0, 100),
  (650200, 650000, 2, '克拉玛依市', 0, 100),
  (650201, 650200, 3, '市辖区', 0, 100),
  (650202, 650200, 3, '独山子区', 0, 100),
  (650203, 650200, 3, '克拉玛依区', 0, 100),
  (650204, 650200, 3, '白碱滩区', 0, 100),
  (650205, 650200, 3, '乌尔禾区', 0, 100),
  (650400, 650000, 2, '吐鲁番市', 0, 100),
  (650402, 650400, 3, '高昌区', 0, 100),
  (650421, 650400, 3, '鄯善县', 0, 100),
  (650422, 650400, 3, '托克逊县', 0, 100),
  (650500, 650000, 2, '哈密市', 0, 100),
  (650502, 650500, 3, '伊州区', 0, 100),
  (650521, 650500, 3, '巴里坤哈萨克自治县', 0, 100),
  (650522, 650500, 3, '伊吾县', 0, 100),
  (652300, 650000, 2, '昌吉回族自治州', 0, 100),
  (652301, 652300, 3, '市辖区', 0, 100),
  (652302, 652300, 3, '阜康市', 0, 100),
  (652323, 652300, 3, '呼图壁县', 0, 100),
  (652324, 652300, 3, '玛纳斯县', 0, 100),
  (652325, 652300, 3, '奇台县', 0, 100),
  (652327, 652300, 3, '吉木萨尔县', 0, 100),
  (652328, 652300, 3, '木垒哈萨克自治县', 0, 100),
  (652700, 650000, 2, '博尔塔拉蒙古自治州', 0, 100),
  (652701, 652700, 3, '市辖区', 0, 100),
  (652702, 652700, 3, '阿拉山口市', 0, 100),
  (652722, 652700, 3, '精河县', 0, 100),
  (652723, 652700, 3, '温泉县', 0, 100),
  (652800, 650000, 2, '巴音郭楞蒙古自治州', 0, 100),
  (652801, 652800, 3, '市辖区', 0, 100),
  (652822, 652800, 3, '轮台县', 0, 100),
  (652823, 652800, 3, '尉犁县', 0, 100),
  (652824, 652800, 3, '若羌县', 0, 100),
  (652825, 652800, 3, '且末县', 0, 100),
  (652826, 652800, 3, '焉耆回族自治县', 0, 100),
  (652827, 652800, 3, '和静县', 0, 100),
  (652828, 652800, 3, '和硕县', 0, 100),
  (652829, 652800, 3, '博湖县', 0, 100),
  (652900, 650000, 2, '阿克苏地区', 0, 100),
  (652901, 652900, 3, '市辖区', 0, 100),
  (652922, 652900, 3, '温宿县', 0, 100),
  (652923, 652900, 3, '库车县', 0, 100),
  (652924, 652900, 3, '沙雅县', 0, 100),
  (652925, 652900, 3, '新和县', 0, 100),
  (652926, 652900, 3, '拜城县', 0, 100),
  (652927, 652900, 3, '乌什县', 0, 100),
  (652928, 652900, 3, '阿瓦提县', 0, 100),
  (652929, 652900, 3, '柯坪县', 0, 100),
  (653000, 650000, 2, '克孜勒苏柯尔克孜自治州', 0, 100),
  (653001, 653000, 3, '市辖区', 0, 100),
  (653022, 653000, 3, '阿克陶县', 0, 100),
  (653023, 653000, 3, '阿合奇县', 0, 100),
  (653024, 653000, 3, '乌恰县', 0, 100),
  (653100, 650000, 2, '喀什地区', 0, 100),
  (653101, 653100, 3, '市辖区', 0, 100),
  (653121, 653100, 3, '疏附县', 0, 100),
  (653122, 653100, 3, '疏勒县', 0, 100),
  (653123, 653100, 3, '英吉沙县', 0, 100),
  (653124, 653100, 3, '泽普县', 0, 100),
  (653125, 653100, 3, '莎车县', 0, 100),
  (653126, 653100, 3, '叶城县', 0, 100),
  (653127, 653100, 3, '麦盖提县', 0, 100),
  (653128, 653100, 3, '岳普湖县', 0, 100),
  (653129, 653100, 3, '伽师县', 0, 100),
  (653130, 653100, 3, '巴楚县', 0, 100),
  (653131, 653100, 3, '塔什库尔干塔吉克自治县', 0, 100),
  (653200, 650000, 2, '和田地区', 0, 100),
  (653201, 653200, 3, '市辖区', 0, 100),
  (653221, 653200, 3, '和田县', 0, 100),
  (653222, 653200, 3, '墨玉县', 0, 100),
  (653223, 653200, 3, '皮山县', 0, 100),
  (653224, 653200, 3, '洛浦县', 0, 100),
  (653225, 653200, 3, '策勒县', 0, 100),
  (653226, 653200, 3, '于田县', 0, 100),
  (653227, 653200, 3, '民丰县', 0, 100),
  (654000, 650000, 2, '伊犁哈萨克自治州', 0, 100),
  (654002, 654000, 3, '伊宁市', 0, 100),
  (654003, 654000, 3, '奎屯市', 0, 100),
  (654004, 654000, 3, '霍尔果斯市', 0, 100),
  (654021, 654000, 3, '伊宁县', 0, 100),
  (654022, 654000, 3, '察布查尔锡伯自治县', 0, 100),
  (654023, 654000, 3, '霍城县', 0, 100),
  (654024, 654000, 3, '巩留县', 0, 100),
  (654025, 654000, 3, '新源县', 0, 100),
  (654026, 654000, 3, '昭苏县', 0, 100),
  (654027, 654000, 3, '特克斯县', 0, 100),
  (654028, 654000, 3, '尼勒克县', 0, 100),
  (654200, 650000, 2, '塔城地区', 0, 100),
  (654201, 654200, 3, '市辖区', 0, 100),
  (654202, 654200, 3, '乌苏市', 0, 100),
  (654221, 654200, 3, '额敏县', 0, 100),
  (654223, 654200, 3, '沙湾县', 0, 100),
  (654224, 654200, 3, '托里县', 0, 100),
  (654225, 654200, 3, '裕民县', 0, 100),
  (654226, 654200, 3, '和布克赛尔蒙古自治县', 0, 100),
  (654300, 650000, 2, '阿勒泰地区', 0, 100),
  (654301, 654300, 3, '市辖区', 0, 100),
  (654321, 654300, 3, '布尔津县', 0, 100),
  (654322, 654300, 3, '富蕴县', 0, 100),
  (654323, 654300, 3, '福海县', 0, 100),
  (654324, 654300, 3, '哈巴河县', 0, 100),
  (654325, 654300, 3, '青河县', 0, 100),
  (654326, 654300, 3, '吉木乃县', 0, 100),
  (659000, 650000, 2, '自治区直辖县级行政区划', 0, 100),
  (659001, 659000, 3, '市辖区', 0, 100),
  (659002, 659000, 3, '阿拉尔市', 0, 100),
  (659003, 659000, 3, '图木舒克市', 0, 100),
  (659004, 659000, 3, '五家渠市', 0, 100),
  (659006, 659000, 3, '铁门关市', 0, 100),
  (710000, 0, 1, '台湾省', 0, 100),
  (810000, 0, 1, '香港特别行政区', 0, 100),
  (820000, 0, 1, '澳门特别行政区', 0, 100);

DROP TABLE IF EXISTS `article`;
CREATE TABLE IF NOT EXISTS `article` (
  `id` int(11) unsigned NOT NULL,
  `title` varchar(200) CHARACTER SET utf8mb4 DEFAULT NULL COMMENT '文章标题',
  `cover` char(32) DEFAULT NULL COMMENT '文章封面图',
  `content` longtext CHARACTER SET utf8mb4 COMMENT '文章内容',
  `type_id` int(11) unsigned DEFAULT NULL COMMENT '文章分类id',
  `ctime` bigint(12) unsigned DEFAULT NULL COMMENT '文章创建时间',
  `utime` bigint(12) unsigned DEFAULT NULL COMMENT '修改时间',
  `sort` smallint(5) unsigned DEFAULT '100' COMMENT '文章排序  从小到大',
  `is_pub` smallint(1) unsigned DEFAULT NULL COMMENT '1 发布  2 不发布',
  `isdel` bigint(12) unsigned DEFAULT NULL COMMENT '软删除位置  有时间代表删除'
) ENGINE=InnoDB DEFAULT CHARSET=utf8;

DROP TABLE IF EXISTS `article_type`;
CREATE TABLE IF NOT EXISTS `article_type` (
  `id` int(11) unsigned NOT NULL,
  `pid` int(11) DEFAULT NULL COMMENT '父id',
  `type_name` varchar(32) CHARACTER SET utf8mb4 DEFAULT NULL COMMENT '分类名称'
) ENGINE=InnoDB DEFAULT CHARSET=utf8;

DROP TABLE IF EXISTS `backstage_notice`;
CREATE TABLE IF NOT EXISTS `backstage_notice` (
  `id` int(11) unsigned NOT NULL,
  `title` varchar(200) CHARACTER SET utf8mb4 DEFAULT NULL COMMENT '公告标题',
  `content` longtext CHARACTER SET utf8mb4 COMMENT '公告内容',
  `ctime` bigint(12) unsigned DEFAULT NULL COMMENT '创建时间',
  `utime` bigint(12) unsigned DEFAULT NULL COMMENT '修改时间',
  `sort` smallint(5) unsigned DEFAULT '100' COMMENT '文章排序  从小到大',
  `is_pub` smallint(1) unsigned DEFAULT NULL COMMENT '1 发布  2 不发布',
  `isdel` bigint(12) unsigned DEFAULT NULL COMMENT '软删除位置  有时间代表删除'
) ENGINE=InnoDB DEFAULT CHARSET=utf8;

DROP TABLE IF EXISTS `balance`;
CREATE TABLE IF NOT EXISTS `balance` (
  `id` int(10) unsigned NOT NULL,
  `user_id` int(10) unsigned NOT NULL COMMENT '用户id',
  `type` smallint(2) unsigned NOT NULL COMMENT '类型',
  `money` decimal(10,2) NOT NULL COMMENT '金额',
  `balance` decimal(10,2) NOT NULL COMMENT '余额',
  `source_id` varchar(20) NOT NULL COMMENT '资源id',
  `memo` varchar(200) NOT NULL COMMENT '描述',
  `ctime` bigint(12) unsigned NOT NULL COMMENT '创建时间'
) ENGINE=InnoDB DEFAULT CHARSET=utf8mb4 COMMENT='用户余额表';

DROP TABLE IF EXISTS `bill_aftersales`;
CREATE TABLE IF NOT EXISTS `bill_aftersales` (
  `aftersales_id` varchar(20) NOT NULL COMMENT '售后单id',
  `order_id` varchar(20) DEFAULT NULL COMMENT '订单ID 关联order.id',
  `user_id` int(10) unsigned DEFAULT NULL COMMENT '用户ID 关联user.id',
  `type` tinyint(1) unsigned NOT NULL DEFAULT '1' COMMENT '售后类型，1=只退款，2退款退货',
  `refund` decimal(10,2) unsigned NOT NULL DEFAULT '0.00' COMMENT '退款金额',
  `status` tinyint(1) unsigned DEFAULT '1' COMMENT '状态 1=未审核 2=审核通过 3=审核拒绝',
  `reason` varchar(255) NOT NULL COMMENT '退款原因',
  `mark` varchar(255) NOT NULL COMMENT '卖家备注，如果审核失败了，会显示到前端',
  `ctime` bigint(12) unsigned DEFAULT NULL COMMENT '创建时间',
  `utime` bigint(12) unsigned DEFAULT NULL COMMENT '更新时间'
) ENGINE=InnoDB DEFAULT CHARSET=utf8mb4 COMMENT='退货单表';

INSERT INTO `bill_aftersales` (`aftersales_id`, `order_id`, `user_id`, `type`, `refund`, `status`, `reason`, `mark`, `ctime`, `utime`) VALUES
  ('55379433385400', '15379429984146', 1, 1, '0.09', 2, '和我想的不一样，不想要了。', 'tongyi', 1537943338, 1537943338);

DROP TABLE IF EXISTS `bill_aftersales_images`;
CREATE TABLE IF NOT EXISTS `bill_aftersales_images` (
  `aftersales_id` varchar(20) NOT NULL COMMENT '售后单id',
  `image_id` char(32) NOT NULL COMMENT '图片ID'
) ENGINE=InnoDB DEFAULT CHARSET=utf8mb4 COMMENT='商品图片关联表';

INSERT INTO `bill_aftersales_images` (`aftersales_id`, `image_id`) VALUES
  ('55379433385400', '84d948f46c9dc152d313d782ccd3d223');

DROP TABLE IF EXISTS `bill_aftersales_items`;
CREATE TABLE IF NOT EXISTS `bill_aftersales_items` (
  `id` int(10) unsigned NOT NULL,
  `aftersales_id` varchar(20) NOT NULL COMMENT '售后单id',
  `order_items_id` int(10) unsigned DEFAULT NULL COMMENT '订单明细ID 关联order_items.id',
  `goods_id` int(10) unsigned DEFAULT NULL COMMENT '商品ID 关联goods.id',
  `product_id` int(10) unsigned DEFAULT NULL COMMENT '货品ID 关联products.id',
  `sn` varchar(30) DEFAULT NULL COMMENT '货品编码',
  `bn` varchar(30) DEFAULT NULL COMMENT '商品编码',
  `name` varchar(200) DEFAULT NULL COMMENT '商品名称',
  `image_url` varchar(100) NOT NULL COMMENT '图片',
  `nums` smallint(5) unsigned DEFAULT '1' COMMENT '数量',
  `addon` text COMMENT '货品明细序列号存储',
  `utime` bigint(12) unsigned DEFAULT NULL COMMENT '更新时间'
) ENGINE=InnoDB DEFAULT CHARSET=utf8mb4 COMMENT='售后单明细表';

DROP TABLE IF EXISTS `bill_delivery`;
CREATE TABLE IF NOT EXISTS `bill_delivery` (
  `delivery_id` varchar(20) NOT NULL,
  `order_id` varchar(20) NOT NULL COMMENT '订单ID 关联order.id',
  `user_id` int(10) unsigned DEFAULT NULL COMMENT '用户id 关联user.id',
  `logi_code` varchar(50) DEFAULT NULL COMMENT '物流公司编码',
  `logi_no` varchar(50) DEFAULT NULL COMMENT '物流单号',
  `logi_information` longtext COMMENT '快递物流信息',
  `logi_status` tinyint(3) unsigned NOT NULL DEFAULT '0' COMMENT '0快递信息可能更新  1快递信息不更新了',
  `ship_area_id` int(10) unsigned DEFAULT NULL COMMENT '收货地区ID',
  `ship_address` varchar(200) DEFAULT NULL COMMENT '收货详细地址',
  `ship_name` varchar(50) DEFAULT NULL COMMENT '收货人姓名',
  `ship_mobile` char(15) DEFAULT NULL COMMENT '收货电话',
  `confirm_time` bigint(12) unsigned DEFAULT NULL COMMENT '确认s收货时间',
  `status` tinyint(1) unsigned DEFAULT '2' COMMENT '状态 1=准备发货 2=已发货 3=已确认 4=其他',
  `memo` varchar(255) DEFAULT NULL COMMENT '备注',
  `ctime` bigint(12) unsigned DEFAULT NULL COMMENT '创建时间',
  `utime` bigint(12) unsigned DEFAULT NULL COMMENT '更新时间'
) ENGINE=InnoDB DEFAULT CHARSET=utf8mb4 COMMENT='发货单表';

INSERT INTO `bill_delivery` (`delivery_id`, `order_id`, `user_id`, `logi_code`, `logi_no`, `logi_information`, `logi_status`, `ship_area_id`, `ship_address`, `ship_name`, `ship_mobile`, `confirm_time`, `status`, `memo`, `ctime`, `utime`) VALUES
  ('85380195423979', '15379534034009', 1, 'sf', '836198574698', NULL, 0, 440105, '新港中路397号', '张三', '020-81167888', 1538019605, 1, '', 1538019542, 1538019542),
  ('85380211793504', '15379497406979', 1, 'sf', '89987879', NULL, 0, 440105, '新港中路397号', '张三', '020-81167888', 1538021248, 1, '', 1538021179, 1538021179),
  ('85380213596144', '15380213346461', 1, 'sf', 'yujghgjhgjghyj', NULL, 0, 440105, '新港中路397号', '张三', '020-81167888', 1538021369, 1, '', 1538021359, 1538021359);

DROP TABLE IF EXISTS `bill_delivery_items`;
CREATE TABLE IF NOT EXISTS `bill_delivery_items` (
  `id` int(10) unsigned NOT NULL,
  `delivery_id` varchar(20) NOT NULL COMMENT '发货单号 关联bill_delivery.id',
  `order_items_id` int(10) unsigned DEFAULT NULL COMMENT '订单明细ID 关联order_items.id',
  `nums` smallint(5) unsigned DEFAULT NULL COMMENT '发货数量'
) ENGINE=InnoDB AUTO_INCREMENT=5 DEFAULT CHARSET=utf8mb4 COMMENT='发货单详情表';

INSERT INTO `bill_delivery_items` (`id`, `delivery_id`, `order_items_id`, `nums`) VALUES
  (1, '85380195423979', 8, 1),
  (2, '85380211793504', 5, 1),
  (3, '85380213596144', 9, 1),
  (4, '85380213596144', 10, 1);

DROP TABLE IF EXISTS `bill_payments`;
CREATE TABLE IF NOT EXISTS `bill_payments` (
  `payment_id` varchar(20) NOT NULL COMMENT '支付单号',
  `money` decimal(10,2) DEFAULT '0.00' COMMENT '支付金额',
  `user_id` int(10) unsigned DEFAULT NULL COMMENT '用户ID 关联user.id',
  `type` smallint(1) unsigned NOT NULL DEFAULT '1' COMMENT '资源类型1=订单,2充值单',
  `status` tinyint(1) unsigned DEFAULT '1' COMMENT '支付状态 1=未支付 2=支付成功 3=其他',
  `payment_code` varchar(50) DEFAULT NULL COMMENT '支付类型编码 关联payments.code',
  `ip` varchar(50) DEFAULT NULL COMMENT '支付单生成IP',
  `params` varchar(200) NOT NULL COMMENT '支付的时候需要的参数，存的是json格式的一维数组',
  `payed_msg` varchar(255) DEFAULT NULL COMMENT '支付回调后的状态描述',
  `trade_no` varchar(50) DEFAULT NULL COMMENT '第三方平台交易流水号',
  `ctime` bigint(12) unsigned DEFAULT NULL COMMENT '创建时间',
  `utime` bigint(12) unsigned DEFAULT NULL COMMENT '更新时间'
) ENGINE=InnoDB DEFAULT CHARSET=utf8mb4 COMMENT='支付单表';

INSERT INTO `bill_payments` (`payment_id`, `money`, `user_id`, `type`, `status`, `payment_code`, `ip`, `params`, `payed_msg`, `trade_no`, `ctime`, `utime`) VALUES
  ('25378684207636', '450.00', 1, 1, 1, 'wechatpay', '223.88.55.117', '[]', NULL, NULL, 1537868420, 1537868420),
  ('25378697676507', '450.00', 1, 1, 1, 'wechatpay', '223.88.55.117', '[]', NULL, NULL, 1537869767, 1537869767),
  ('25379310040674', '450.00', 1, 1, 1, 'wechatpay', '223.88.55.117', '[]', NULL, NULL, 1537931004, 1537931004),
  ('25379430136135', '0.10', 1, 1, 2, 'wechatpay', '223.88.55.117', '[]', 'SUCCESS', '4200000172201809260386194275', 1537943013, 1537943013),
  ('25379475239612', '0.10', 1, 1, 2, 'wechatpay', '223.88.55.117', '[]', 'SUCCESS', '4200000159201809261398429735', 1537947523, 1537947523),
  ('25379491153344', '450.00', 2, 1, 1, 'alipay', '223.88.55.117', '{"trade_type":"MWEB","wap_url":"https:\\/\\/b2c.jihainet.com","return_url":"https:\\/\\/b2c.jihainet.com\\/#\\/orderdetail?order_id=15379491106204","wap_name":"mysite"}', NULL, NULL, 1537949115, 1537949115),
  ('25379491234718', '450.00', 2, 1, 1, 'wechatpay', '223.88.55.117', '{"trade_type":"MWEB","wap_url":"https:\\/\\/b2c.jihainet.com","wap_name":"mysite"}', NULL, NULL, 1537949123, 1537949123),
  ('25379491663602', '450.00', 2, 1, 1, 'wechatpay', '223.88.55.117', '{"trade_type":"MWEB","wap_url":"https:\\/\\/b2c.jihainet.com","wap_name":"mysite"}', NULL, NULL, 1537949166, 1537949166),
  ('25379491742635', '450.00', 2, 1, 1, 'wechatpay', '223.88.55.117', '{"trade_type":"MWEB","wap_url":"https:\\/\\/b2c.jihainet.com","wap_name":"mysite"}', NULL, NULL, 1537949174, 1537949174),
  ('25379491924271', '450.00', 2, 1, 1, 'wechatpay', '223.88.55.117', '{"trade_type":"MWEB","wap_url":"https:\\/\\/b2c.jihainet.com","wap_name":"mysite"}', NULL, NULL, 1537949192, 1537949192),
  ('25379492016940', '450.00', 2, 1, 1, 'wechatpay', '223.88.55.117', '{"trade_type":"MWEB","wap_url":"https:\\/\\/b2c.jihainet.com","wap_name":"mysite"}', NULL, NULL, 1537949201, 1537949201),
  ('25379493183055', '450.00', 2, 1, 1, 'wechatpay', '218.26.55.173', '{"trade_type":"MWEB","wap_url":"https:\\/\\/b2c.jihainet.com","wap_name":"mysite"}', NULL, NULL, 1537949318, 1537949318),
  ('25379493368905', '450.00', 2, 1, 1, 'wechatpay', '218.26.55.173', '{"trade_type":"MWEB","wap_url":"https:\\/\\/b2c.jihainet.com","wap_name":"mysite"}', NULL, NULL, 1537949336, 1537949336),
  ('25379497422069', '0.10', 1, 1, 2, 'wechatpay', '117.136.104.195', '{"trade_type":"MWEB","wap_url":"https:\\/\\/b2c.jihainet.com","wap_name":"mysite"}', 'SUCCESS', '4200000173201809269229223615', 1537949742, 1537949742),
  ('25379531267675', '450.00', 1, 1, 1, 'alipay', '223.88.55.117', '{"trade_type":"MWEB","wap_url":"https:\\/\\/b2c.jihainet.com","return_url":"https:\\/\\/b2c.jihainet.com\\/#\\/orderdetail?order_id=15379531244507","wap_name":"mysite"}', NULL, NULL, 1537953126, 1537953126),
  ('25379531291177', '450.00', 1, 1, 1, 'alipay', '223.88.55.117', '{"trade_type":"MWEB","wap_url":"https:\\/\\/b2c.jihainet.com","return_url":"https:\\/\\/b2c.jihainet.com\\/#\\/orderdetail?order_id=15379531244507","wap_name":"mysite"}', NULL, NULL, 1537953129, 1537953129),
  ('25379531509133', '450.00', 1, 1, 1, 'wechatpay', '223.88.55.117', '{"trade_type":"MWEB","wap_url":"https:\\/\\/b2c.jihainet.com","wap_name":"mysite"}', NULL, NULL, 1537953150, 1537953150),
  ('25379532051763', '450.00', 1, 1, 1, 'alipay', '223.88.55.117', '{"trade_type":"MWEB","wap_url":"https:\\/\\/b2c.jihainet.com","return_url":"https:\\/\\/b2c.jihainet.com\\/#\\/orderdetail?order_id=15379531879445","wap_name":"mysite"}', NULL, NULL, 1537953205, 1537953205),
  ('25379533832420', '450.00', 1, 1, 1, 'alipay', '223.88.55.117', '{"trade_type":"MWEB","wap_url":"https:\\/\\/b2c.jihainet.com","return_url":"https:\\/\\/b2c.jihainet.com\\/#\\/orderdetail?order_id=15379531879445","wap_name":"mysite"}', NULL, NULL, 1537953383, 1537953383),
  ('25379534050589', '0.10', 1, 1, 2, 'alipay', '223.88.55.117', '{"trade_type":"MWEB","wap_url":"https:\\/\\/b2c.jihainet.com","return_url":"https:\\/\\/b2c.jihainet.com\\/#\\/orderdetail?order_id=15379534034009","wap_name":"mysite"}', 'TRADE_SUCCESS', '2018092622001468620511837836', 1537953405, 1537953405),
  ('25379538494268', '0.10', 1, 1, 2, 'alipay', '223.88.55.117', '{"trade_type":"MWEB","wap_url":"https:\\/\\/b2c.jihainet.com","return_url":"https:\\/\\/b2c.jihainet.com\\/#\\/orderdetail?order_id=15379534034009","wap_name":"mysite"}', 'TRADE_SUCCESS', '2018092622001468620509710649', 1537953849, 1537953849),
  ('25379565570403', '0.10', 1, 1, 2, 'alipay', '223.88.55.117', '{"trade_type":"MWEB","wap_url":"https:\\/\\/b2c.jihainet.com","return_url":"https:\\/\\/b2c.jihainet.com\\/#\\/orderdetail?order_id=15379534034009","wap_name":"mysite"}', 'TRADE_SUCCESS', '2018092622001468620510153657', 1537956557, 1537956557),
  ('25379570248654', '0.10', 1, 1, 2, 'alipay', '223.88.55.117', '{"trade_type":"MWEB","wap_url":"https:\\/\\/b2c.jihainet.com","return_url":"https:\\/\\/b2c.jihainet.com\\/#\\/orderdetail?order_id=15379534034009","wap_name":"mysite"}', 'TRADE_SUCCESS', '2018092622001468620510696496', 1537957024, 1537957024),
  ('25379575071010', '0.10', 1, 1, 2, 'alipay', '223.88.55.117', '{"trade_type":"MWEB","wap_url":"https:\\/\\/b2c.jihainet.com","return_url":"https:\\/\\/b2c.jihainet.com\\/#\\/orderdetail?order_id=15379534034009","wap_name":"mysite"}', 'TRADE_SUCCESS', '2018092622001468620511839381', 1537957507, 1537957507),
  ('25380130170384', '0.10', 1, 1, 2, 'alipay', '223.88.55.133', '{"trade_type":"MWEB","wap_url":"https:\\/\\/b2c.jihainet.com","return_url":"https:\\/\\/b2c.jihainet.com\\/#\\/orderdetail?order_id=15379534034009","wap_name":"mysite"}', 'TRADE_SUCCESS', '2018092722001468620515616953', 1538013017, 1538013017),
  ('25380141438517', '0.10', 1, 1, 2, 'alipay', '223.88.55.133', '{"trade_type":"MWEB","wap_url":"https:\\/\\/b2c.jihainet.com","return_url":"https:\\/\\/b2c.jihainet.com\\/#\\/orderdetail?order_id=15379534034009","wap_name":"mysite"}', 'TRADE_SUCCESS', '2018092722001468620513468528', 1538014143, 1538014143),
  ('25380174480305', '0.10', 1, 1, 2, 'alipay', '223.88.55.133', '{"trade_type":"MWEB","wap_url":"https:\\/\\/b2c.jihainet.com","return_url":"https:\\/\\/b2c.jihainet.com\\/#\\/orderdetail?order_id=15379534034009","wap_name":"mysite"}', 'TRADE_SUCCESS', '2018092722001468620515788382', 1538017448, 1538017448),
  ('25380192323506', '450.00', 1, 1, 1, 'alipay', '223.88.55.133', '{"trade_type":"MWEB","wap_url":"https:\\/\\/b2c.jihainet.com","return_url":"https:\\/\\/b2c.jihainet.com\\/#\\/orderdetail?order_id=15379531879445","wap_name":"mysite"}', NULL, NULL, 1538019232, 1538019232),
  ('25380213480844', '450.10', NULL, 1, 2, 'offline', '223.88.55.133', '[]', '', '', 1538021348, 1538021348);

DROP TABLE IF EXISTS `bill_payments_rel`;
CREATE TABLE IF NOT EXISTS `bill_payments_rel` (
  `payment_id` varchar(20) NOT NULL COMMENT '支付单编号',
  `source_id` varchar(20) NOT NULL COMMENT '资源编号',
  `money` decimal(8,2) unsigned NOT NULL COMMENT '金额'
) ENGINE=InnoDB DEFAULT CHARSET=utf8mb4 COMMENT='支付单明细表';

INSERT INTO `bill_payments_rel` (`payment_id`, `source_id`, `money`) VALUES
  ('25378684207636', '15378660674172', '450.00'),
  ('25378697676507', '15378660674172', '450.00'),
  ('25379310040674', '15378660674172', '450.00'),
  ('25379430136135', '15379429984146', '0.10'),
  ('25379475239612', '15379473874089', '0.10'),
  ('25379491153344', '15379491106204', '450.00'),
  ('25379491234718', '15379491106204', '450.00'),
  ('25379491663602', '15379491106204', '450.00'),
  ('25379491742635', '15379491106204', '450.00'),
  ('25379491924271', '15379491106204', '450.00'),
  ('25379492016940', '15379491106204', '450.00'),
  ('25379493183055', '15379491106204', '450.00'),
  ('25379493368905', '15379491106204', '450.00'),
  ('25379497422069', '15379497406979', '0.10'),
  ('25379531267675', '15379531244507', '450.00'),
  ('25379531291177', '15379531244507', '450.00'),
  ('25379531509133', '15379531244507', '450.00'),
  ('25379532051763', '15379531879445', '450.00'),
  ('25379533832420', '15379531879445', '450.00'),
  ('25379534050589', '15379534034009', '0.10'),
  ('25379538494268', '15379534034009', '0.10'),
  ('25379565570403', '15379534034009', '0.10'),
  ('25379570248654', '15379534034009', '0.10'),
  ('25379575071010', '15379534034009', '0.10'),
  ('25380130170384', '15379534034009', '0.10'),
  ('25380141438517', '15379534034009', '0.10'),
  ('25380174480305', '15379534034009', '0.10'),
  ('25380192323506', '15379531879445', '450.00'),
  ('25380213480844', '15380213346461', '450.10');

DROP TABLE IF EXISTS `bill_refund`;
CREATE TABLE IF NOT EXISTS `bill_refund` (
  `refund_id` varchar(20) NOT NULL,
  `aftersales_id` varchar(20) NOT NULL COMMENT '售后单id',
  `money` decimal(10,2) unsigned DEFAULT NULL COMMENT '退款金额',
  `user_id` int(10) unsigned DEFAULT NULL COMMENT '用户ID 关联user.id',
  `source_id` varchar(20) NOT NULL COMMENT '资源id，根据type不同而关联不同的表',
  `type` smallint(1) unsigned NOT NULL DEFAULT '1' COMMENT '资源类型1=订单,2充值单',
  `payment_code` varchar(50) DEFAULT NULL COMMENT '退款支付类型编码 默认原路返回 关联支付单表支付编码',
  `trade_no` varchar(50) DEFAULT NULL COMMENT '第三方平台交易流水号',
  `status` tinyint(1) unsigned DEFAULT '1' COMMENT '状态 1=未退款 2=已退款 3=退款失败，可以再次退款，4退款拒绝',
  `memo` varchar(100) NOT NULL DEFAULT '' COMMENT '退款失败原因',
  `ctime` bigint(12) unsigned DEFAULT NULL COMMENT '创建时间',
  `utime` bigint(12) unsigned DEFAULT NULL COMMENT '更新时间'
) ENGINE=InnoDB DEFAULT CHARSET=utf8mb4 COMMENT='退款单表';

INSERT INTO `bill_refund` (`refund_id`, `aftersales_id`, `money`, `user_id`, `source_id`, `type`, `payment_code`, `trade_no`, `status`, `memo`, `ctime`, `utime`) VALUES
  ('65379463300451', '55379433385400', '0.09', 1, '15379429984146', 1, 'wechatpay', '4200000172201809260386194275', 2, '', 1537946330, 1537946330);

DROP TABLE IF EXISTS `bill_reship`;
CREATE TABLE IF NOT EXISTS `bill_reship` (
  `reship_id` varchar(20) NOT NULL,
  `order_id` varchar(20) NOT NULL COMMENT '订单ID 关联order.id',
  `aftersales_id` varchar(20) NOT NULL COMMENT '售后单id',
  `user_id` int(10) unsigned DEFAULT NULL COMMENT '用户ID 关联user.id',
  `logi_code` varchar(50) DEFAULT NULL COMMENT '物流公司编码',
  `logi_no` varchar(50) DEFAULT NULL COMMENT '物流单号',
  `status` tinyint(1) unsigned DEFAULT '1' COMMENT '状态 1=审核通过待发货 2=已发退货 3=已收退货',
  `memo` varchar(255) DEFAULT NULL COMMENT '备注',
  `ctime` bigint(12) unsigned DEFAULT NULL COMMENT '创建时间',
  `utime` bigint(12) unsigned DEFAULT NULL COMMENT '更新时间'
) ENGINE=InnoDB DEFAULT CHARSET=utf8mb4 COMMENT='退货单表';

DROP TABLE IF EXISTS `bill_reship_items`;
CREATE TABLE IF NOT EXISTS `bill_reship_items` (
  `id` int(10) unsigned NOT NULL,
  `reship_id` varchar(20) NOT NULL COMMENT '退款单单id',
  `order_items_id` int(10) unsigned DEFAULT NULL COMMENT '订单明细ID 关联order_items.id',
  `goods_id` int(10) unsigned DEFAULT NULL COMMENT '商品ID 关联goods.id',
  `product_id` int(10) unsigned DEFAULT NULL COMMENT '货品ID 关联products.id',
  `sn` varchar(30) DEFAULT NULL COMMENT '货品编码',
  `bn` varchar(30) DEFAULT NULL COMMENT '商品编码',
  `name` varchar(200) DEFAULT NULL COMMENT '商品名称',
  `image_url` varchar(100) NOT NULL COMMENT '图片',
  `nums` smallint(5) unsigned DEFAULT '1' COMMENT '数量',
  `addon` text COMMENT '货品明细序列号存储',
  `utime` bigint(12) unsigned DEFAULT NULL COMMENT '更新时间'
) ENGINE=InnoDB DEFAULT CHARSET=utf8mb4 COMMENT='退货单明细表';

DROP TABLE IF EXISTS `brand`;
CREATE TABLE IF NOT EXISTS `brand` (
  `id` int(10) unsigned NOT NULL COMMENT '品牌ID',
  `name` varchar(50) DEFAULT NULL COMMENT '品牌名称',
  `logo` char(32) DEFAULT NULL COMMENT '品牌LOGO 图片ID',
  `sort` smallint(5) unsigned DEFAULT '0' COMMENT '品牌排序 越小越靠前',
  `utime` bigint(12) unsigned DEFAULT NULL COMMENT '更新时间',
  `isdel` bigint(12) unsigned DEFAULT NULL COMMENT '删除标志 有数据代表删除'
) ENGINE=InnoDB AUTO_INCREMENT=16 DEFAULT CHARSET=utf8mb4 COMMENT='品牌表';

INSERT INTO `brand` (`id`, `name`, `logo`, `sort`, `utime`, `isdel`) VALUES
  (1, '依嬅莎', '56020c21a0e3b07e9906c1c6f06bee6a', 100, 1537860138, NULL),
  (2, '玖姿', '14b44959327363e274c8a2ba9dba3ace', 100, 1537860157, NULL),
  (3, '裂帛', '03ca799895a0b094bca75116e322539c', 100, 1537860168, NULL),
  (4, '恩裳', 'dcc56740b60745aac85a1b0433767a8d', 100, 1537860181, NULL),
  (5, '水墨青华', 'b9d70b1b457f77b3796cd4229c9b0aa2', 100, 1537860201, NULL),
  (6, 'UR', 'def45acaee091fb6ab66634b76a5ce48', 100, 1537860212, NULL),
  (7, '拉夏贝尔', 'e066155b201c578f5cd467616b0483b2', 100, 1537860243, NULL),
  (8, '茵曼', '38b53dadcfeb35a77678a0a9cfdb7a7c', 100, 1537860259, NULL),
  (9, '罗衣', 'fb594a67a5bd4034879e10b39fc27be9', 100, 1537860270, NULL),
  (10, '两三事', '2660dd8bb5ef408b75d3ac78d7a45c72', 100, 1537860285, NULL),
  (11, '千仞岗', '9422a9632cae4f6c45a171c58a9f776c', 100, 1537860296, NULL),
  (12, '艾尚臣', 'd80e32cf4665fb60ef9b632466c835e2', 100, 1537860317, NULL),
  (13, '波司登', '78881593fcf3d651b5c0e69e6e8eba97', 100, 1537860332, NULL),
  (14, 'DKCHENPIN', 'e75777b3c40755d4d0febd7696452150', 100, 1537860350, NULL),
  (15, '薇咔拉', 'fcf3bc0c3842963e0ccd606312263f9c', 100, 1537860372, NULL);

DROP TABLE IF EXISTS `cart`;
CREATE TABLE IF NOT EXISTS `cart` (
  `id` int(10) unsigned NOT NULL,
  `user_id` int(10) unsigned DEFAULT NULL COMMENT '用户ID 关联user.id',
  `product_id` int(10) unsigned DEFAULT NULL COMMENT '货品ID',
  `nums` smallint(5) unsigned DEFAULT '0' COMMENT '货品数量'
) ENGINE=InnoDB AUTO_INCREMENT=15 DEFAULT CHARSET=utf8mb4 COMMENT='购物车表（每个用户最多加100条信息）';

INSERT INTO `cart` (`id`, `user_id`, `product_id`, `nums`) VALUES
  (7, 2, 1, 1),
  (9, 2, 2, 1);

DROP TABLE IF EXISTS `coupon`;
CREATE TABLE IF NOT EXISTS `coupon` (
  `coupon_code` varchar(20) NOT NULL COMMENT '优惠券编码',
  `promotion_id` int(10) unsigned NOT NULL COMMENT '优惠券id',
  `is_used` tinyint(1) unsigned NOT NULL DEFAULT '1' COMMENT '是否使用1未使用，2已使用',
  `user_id` int(10) unsigned NOT NULL COMMENT '谁领取了',
  `used_id` int(10) unsigned NOT NULL COMMENT '被谁用了',
  `utime` bigint(12) unsigned NOT NULL COMMENT '更新时间',
  `seller_id` int(10) unsigned DEFAULT NULL COMMENT '商户id'
) ENGINE=InnoDB DEFAULT CHARSET=utf8mb4 COMMENT='优惠券表';

DROP TABLE IF EXISTS `goods`;
CREATE TABLE IF NOT EXISTS `goods` (
  `id` int(10) unsigned NOT NULL COMMENT '商品ID',
  `bn` varchar(30) DEFAULT NULL COMMENT '商品编码',
  `name` varchar(200) DEFAULT NULL COMMENT '商品名称',
  `brief` varchar(255) DEFAULT NULL COMMENT '商品简介',
  `price` decimal(10,2) DEFAULT NULL COMMENT '商品价格',
  `costprice` decimal(10,2) DEFAULT NULL COMMENT '成本价',
  `mktprice` decimal(10,2) DEFAULT NULL COMMENT '市场价',
  `image_id` char(32) DEFAULT NULL COMMENT '默认图片 图片id',
  `goods_cat_id` int(10) unsigned DEFAULT NULL COMMENT '商品分类ID 关联category.id',
  `goods_type_id` int(10) unsigned DEFAULT NULL COMMENT '商品类别ID 关联goods_type.id',
  `brand_id` int(10) unsigned DEFAULT NULL COMMENT '品牌ID 关联brand.id',
  `is_nomal_virtual` tinyint(1) unsigned DEFAULT '1' COMMENT '虚拟正常商品 1=正常 2=虚拟',
  `marketable` tinyint(1) unsigned DEFAULT '1' COMMENT '上架标志 1=上架 2=下架',
  `stock` int(8) DEFAULT '0' COMMENT '库存',
  `freeze_stock` int(8) DEFAULT '0' COMMENT '冻结库存',
  `weight` decimal(10,2) unsigned DEFAULT NULL COMMENT '重量',
  `unit` varchar(20) DEFAULT NULL COMMENT '商品单位',
  `intro` longtext COMMENT '商品详情',
  `spes_desc` text COMMENT '商品规格序列号存储',
  `params` text COMMENT '参数序列化',
  `comments_count` int(10) unsigned DEFAULT '0' COMMENT '评论次数',
  `view_count` int(10) unsigned DEFAULT '0' COMMENT '浏览次数',
  `buy_count` int(10) unsigned DEFAULT '0' COMMENT '购买次数',
  `uptime` bigint(12) unsigned DEFAULT NULL COMMENT '上架时间',
  `downtime` bigint(12) unsigned DEFAULT NULL COMMENT '下架时间',
  `sort` smallint(5) unsigned DEFAULT '100' COMMENT '商品排序 越小越靠前',
  `is_recommend` tinyint(1) unsigned DEFAULT '2' COMMENT '是否推荐，1是，2不是推荐',
  `is_hot` tinyint(1) unsigned DEFAULT '2' COMMENT '是否热门，1是，2否',
  `label_ids` varchar(10) DEFAULT NULL COMMENT '标签id逗号分隔',
  `ctime` bigint(12) unsigned DEFAULT NULL COMMENT '创建时间',
  `utime` bigint(12) unsigned DEFAULT NULL COMMENT '更新时间',
  `isdel` bigint(12) unsigned DEFAULT NULL COMMENT '删除标志 有数据表示删除'
) ENGINE=InnoDB AUTO_INCREMENT=2 DEFAULT CHARSET=utf8mb4 COMMENT='商品表';

INSERT INTO `goods` (`id`, `bn`, `name`, `brief`, `price`, `costprice`, `mktprice`, `image_id`, `goods_cat_id`, `goods_type_id`, `brand_id`, `is_nomal_virtual`, `marketable`, `stock`, `freeze_stock`, `weight`, `unit`, `intro`, `spes_desc`, `params`, `comments_count`, `view_count`, `buy_count`, `uptime`, `downtime`, `sort`, `is_recommend`, `is_hot`, `label_ids`, `ctime`, `utime`, `isdel`) VALUES
  (1, '118336505', 'DKCHENPIN2018秋新款天丝中长款修身风衣外套女', '可调节袖 系带收腰设', '450.00', '0.00', '600.00', 'b419e4164d5726d057b2ae195f9a96df', 18, 1, 14, 1, 1, 2796, 0, '400.00', '件', '<p><img class="desc_anchor img-ks-lazyload" id="desc-module-1" src="https://assets.alicdn.com/kissy/1.0.0/build/imglazyload/spaceball.gif"/></p><p><a style="margin: 0px; padding: 0px; color: rgb(51, 85, 170); outline: 0px;"></a></p><p style="margin-top: 0px; margin-bottom: 0px; padding: 0px; line-height: 1.4; color: rgb(64, 64, 64); font-family: tahoma, arial, 宋体, sans-serif; font-size: 14px; white-space: normal; background-color: rgb(255, 255, 255);"><a href="https://meidian.play.m.jaeapp.com/?iid=991593&cpp=0" target="_blank" style="margin: 0px; padding: 0px; text-decoration-line: none; color: rgb(51, 85, 170); outline: 0px;"><img alt="" src="https://img.alicdn.com/imgextra/i1/356060330/O1CN011EJBA7NKQe5fuXI_!!356060330.jpg" class="img-ks-lazyload"/></a></p><p><a style="margin: 0px; padding: 0px; color: rgb(51, 85, 170); outline: 0px;"></a></p><p><a style="margin: 0px; padding: 0px; color: rgb(51, 85, 170); outline: 0px;"></a></p><p><img src="https://gdp.alicdn.com/imgextra/i2/356060330/O1CN011EJBA7UknUQjGCt_!!356060330.jpg" class="img-ks-lazyload"/></p><ul style="list-style-type: none;" class=" list-paddingleft-2"><li><p><br/></p></li></ul><p><img class="desc_anchor img-ks-lazyload" id="desc-module-2" src="https://assets.alicdn.com/kissy/1.0.0/build/imglazyload/spaceball.gif"/></p><p><img src="https://img.alicdn.com/imgextra/i4/356060330/TB2L0NmwhSYBuNjSsphXXbGvVXa-356060330.jpg" class="img-ks-lazyload"/></p><p><img src="https://img.alicdn.com/imgextra/i2/356060330/TB26FUOnLuSBuNkHFqDXXXfhVXa-356060330.jpg" class="img-ks-lazyload"/></p><p><img src="https://img.alicdn.com/imgextra/i4/356060330/TB2CinchHZnBKNjSZFhXXc.oXXa-356060330.jpg" width="730" height="1046" class="img-ks-lazyload"/></p><p><img class="desc_anchor img-ks-lazyload" id="desc-module-3" src="https://assets.alicdn.com/kissy/1.0.0/build/imglazyload/spaceball.gif"/></p><p><img src="https://img.alicdn.com/imgextra/i3/356060330/TB2XcAnnIyYBuNkSnfoXXcWgVXa-356060330.jpg" width="249" height="47" class="img-ks-lazyload"/></p><p><img src="https://img.alicdn.com/imgextra/i4/356060330/TB2eItzhP7nBKNjSZLeXXbxCFXa-356060330.jpg" width="730" height="1168" class="img-ks-lazyload"/></p><p><img src="https://img.alicdn.com/imgextra/i4/356060330/TB20a1OwmBYBeNjy0FeXXbnmFXa-356060330.jpg" width="608" class="img-ks-lazyload"/></p><p><img src="https://img.alicdn.com/imgextra/i2/356060330/TB24SvFhHArBKNjSZFLXXc_dVXa-356060330.jpg" width="730" height="1168" class="img-ks-lazyload"/></p><p><img src="https://img.alicdn.com/imgextra/i1/356060330/TB2QndxwbGYBuNjy0FoXXciBFXa-356060330.jpg" width="608" class="img-ks-lazyload"/></p><p><img src="https://img.alicdn.com/imgextra/i4/356060330/TB2EntxwbGYBuNjy0FoXXciBFXa-356060330.jpg" width="730" height="1168" class="img-ks-lazyload"/></p><p>翻领垂性风衣</p><p>柔软亲肤面料 可调节袖口 饰有侧边口袋 配有同色腰带可调节腰身</p><p><img src="https://img.alicdn.com/imgextra/i4/356060330/TB2jlFQwk9WBuNjSspeXXaz5VXa-356060330.jpg" width="249" height="40" class="img-ks-lazyload"/></p><table width="730"><tbody style="margin: 0px; padding: 0px;"><tr style="margin: 0px; padding: 0px;" class="firstRow"><td width="363" style="margin: 0px; padding: 0px; border-color: rgb(0, 0, 0);"><img src="https://img.alicdn.com/imgextra/i1/356060330/TB2TVtZwh1YBuNjy1zcXXbNcXXa-356060330.jpg" width="363" height="581" class="img-ks-lazyload"/></td><td width="4" style="margin: 0px; padding: 0px; border-color: rgb(0, 0, 0);"><br/></td><td width="363" style="margin: 0px; padding: 0px; border-color: rgb(0, 0, 0);"><img src="https://img.alicdn.com/imgextra/i2/356060330/TB2BFJ2weuSBuNjy1XcXXcYjFXa-356060330.jpg" width="363" height="581" class="img-ks-lazyload"/></td></tr><tr style="margin: 0px; padding: 0px; font-size: 20px; text-align: center; line-height: 20px;"><td style="margin: 0px; padding: 20px 0px 40px; border-color: rgb(0, 0, 0);">里约红</td><td style="margin: 0px; padding: 20px 0px 40px; border-color: rgb(0, 0, 0);"><br/></td><td style="margin: 0px; padding: 20px 0px 40px; border-color: rgb(0, 0, 0);">蒸汽灰</td></tr></tbody></table><table width="730"><tbody style="margin: 0px; padding: 0px;"><tr style="margin: 0px; padding: 0px;" class="firstRow"><td colspan="3" style="margin: 0px; padding: 0px; border-color: rgb(0, 0, 0);"><img src="https://img.alicdn.com/imgextra/i3/356060330/TB2W1snnIyYBuNkSnfoXXcWgVXa-356060330.jpg" width="730" class="img-ks-lazyload"/></td></tr></tbody></table><p><br/></p>', 'a:2:{s:6:"颜色";a:4:{i:0;s:6:"红色";i:1;s:6:"白色";i:2;s:6:"绿色";i:3;s:6:"蓝色";}s:6:"规格";a:4:{i:0;s:7:"规格1";i:1;s:7:"规格2";i:2;s:7:"规格3";i:3;s:7:"规格4";}}', 'a:1:{s:6:"材质";s:6:"化纤";}', 0, 0, 0, NULL, NULL, 100, 1, 1, NULL, NULL, 1537942976, NULL);

DROP TABLE IF EXISTS `goods_browsing`;
CREATE TABLE IF NOT EXISTS `goods_browsing` (
  `id` int(10) unsigned NOT NULL COMMENT 'ID',
  `goods_id` int(10) unsigned DEFAULT NULL COMMENT '商品id 关联goods.id',
  `user_id` int(10) unsigned NOT NULL COMMENT '用户id',
  `goods_name` varchar(200) NOT NULL COMMENT '商品名称',
  `ctime` bigint(12) NOT NULL COMMENT '浏览时间',
  `isdel` bigint(12) unsigned DEFAULT NULL COMMENT '删除标志'
) ENGINE=InnoDB AUTO_INCREMENT=17 DEFAULT CHARSET=utf8mb4 COMMENT='商品浏览记录表';

INSERT INTO `goods_browsing` (`id`, `goods_id`, `user_id`, `goods_name`, `ctime`, `isdel`) VALUES
  (1, 1, 2, 'DKCHENPIN2018秋新款天丝中长款修身风衣外套女', 1537949074, NULL),
  (2, 1, 2, 'DKCHENPIN2018秋新款天丝中长款修身风衣外套女', 1537949299, NULL),
  (3, 1, 2, 'DKCHENPIN2018秋新款天丝中长款修身风衣外套女', 1537949308, NULL),
  (4, 1, 1, 'DKCHENPIN2018秋新款天丝中长款修身风衣外套女', 1537949534, NULL),
  (5, 1, 1, 'DKCHENPIN2018秋新款天丝中长款修身风衣外套女', 1537949686, NULL),
  (6, 1, 1, 'DKCHENPIN2018秋新款天丝中长款修身风衣外套女', 1537949735, NULL),
  (7, 1, 1, 'DKCHENPIN2018秋新款天丝中长款修身风衣外套女', 1537949781, NULL),
  (8, 1, 2, 'DKCHENPIN2018秋新款天丝中长款修身风衣外套女', 1537949956, NULL),
  (9, 1, 2, 'DKCHENPIN2018秋新款天丝中长款修身风衣外套女', 1537950685, NULL),
  (10, 1, 2, 'DKCHENPIN2018秋新款天丝中长款修身风衣外套女', 1537950707, NULL),
  (11, 1, 2, 'DKCHENPIN2018秋新款天丝中长款修身风衣外套女', 1537950749, NULL),
  (12, 1, 1, 'DKCHENPIN2018秋新款天丝中长款修身风衣外套女', 1537953120, NULL),
  (13, 1, 1, 'DKCHENPIN2018秋新款天丝中长款修身风衣外套女', 1537953155, NULL),
  (14, 1, 1, 'DKCHENPIN2018秋新款天丝中长款修身风衣外套女', 1537953183, NULL),
  (15, 1, 1, 'DKCHENPIN2018秋新款天丝中长款修身风衣外套女', 1537953398, NULL),
  (16, 1, 1, 'DKCHENPIN2018秋新款天丝中长款修身风衣外套女', 1538012988, NULL);

DROP TABLE IF EXISTS `goods_cat`;
CREATE TABLE IF NOT EXISTS `goods_cat` (
  `id` int(10) unsigned NOT NULL,
  `parent_id` int(10) unsigned NOT NULL DEFAULT '0' COMMENT '上级分类id',
  `name` varchar(20) DEFAULT NULL COMMENT '分类名称',
  `type_id` int(10) unsigned DEFAULT '0' COMMENT '类型ID 关联 goods_type.id',
  `sort` smallint(5) unsigned DEFAULT '100' COMMENT '分类排序 越小越靠前',
  `image_id` char(32) DEFAULT NULL COMMENT '分类图片ID',
  `utime` bigint(12) unsigned DEFAULT NULL COMMENT '更新时间'
) ENGINE=InnoDB AUTO_INCREMENT=22 DEFAULT CHARSET=utf8mb4 COMMENT='商品分类';

INSERT INTO `goods_cat` (`id`, `parent_id`, `name`, `type_id`, `sort`, `image_id`, `utime`) VALUES
  (3, 0, '精选上衣', 0, 100, '', NULL),
  (4, 0, '浪漫裙装', 0, 100, '', NULL),
  (5, 0, '女装下装', 0, 100, '', NULL),
  (6, 0, '家居服', 0, 100, '', NULL),
  (7, 0, '内裤背心', 0, 100, '', NULL),
  (8, 0, '女鞋', 0, 100, '', NULL),
  (9, 0, '女包', 0, 100, '', NULL),
  (10, 3, '毛呢外套', 0, 100, '', NULL),
  (11, 3, '羽绒服', 0, 100, '', NULL),
  (12, 3, '棉服', 0, 100, '', NULL),
  (13, 3, '卫衣', 0, 100, '', NULL),
  (14, 3, '毛针织衫', 0, 100, '', NULL),
  (15, 3, '皮草', 0, 100, '', NULL),
  (16, 3, '衬衫', 0, 100, '', NULL),
  (17, 3, 'T恤', 0, 100, '', NULL),
  (18, 3, '风衣', 1, 100, '', 1537860978),
  (19, 9, '单肩包', 0, 100, '', NULL),
  (20, 9, '斜挎包', 0, 100, '', NULL),
  (21, 9, '手提包', 0, 100, '', NULL);

DROP TABLE IF EXISTS `goods_collection`;
CREATE TABLE IF NOT EXISTS `goods_collection` (
  `id` int(10) unsigned NOT NULL COMMENT 'ID',
  `goods_id` int(10) unsigned DEFAULT NULL COMMENT '商品id 关联goods.id',
  `user_id` int(10) unsigned NOT NULL COMMENT '用户id',
  `goods_name` varchar(200) NOT NULL COMMENT '商品名称',
  `ctime` bigint(12) NOT NULL COMMENT '浏览时间'
) ENGINE=InnoDB DEFAULT CHARSET=utf8mb4 COMMENT='商品收藏表';

DROP TABLE IF EXISTS `goods_comment`;
CREATE TABLE IF NOT EXISTS `goods_comment` (
  `id` int(10) unsigned NOT NULL,
  `comment_id` int(10) unsigned DEFAULT '0' COMMENT '父级评价ID',
  `score` tinyint(1) DEFAULT '5' COMMENT '评价1-5星',
  `user_id` int(10) unsigned NOT NULL COMMENT '评价用户ID',
  `goods_id` int(10) unsigned DEFAULT NULL COMMENT '商品ID 关联goods.id',
  `order_id` bigint(20) unsigned NOT NULL COMMENT '评价订单ID',
  `addon` text COMMENT '货品规格序列号存储',
  `images` varchar(200) DEFAULT NULL COMMENT '评价图片逗号分隔最多五张',
  `content` text COMMENT '评价内容',
  `seller_content` text COMMENT '商家回复',
  `display` tinyint(3) unsigned DEFAULT '1' COMMENT '是否显示 1显示 2不显示',
  `ctime` bigint(12) unsigned DEFAULT NULL COMMENT '创建时间'
) ENGINE=InnoDB AUTO_INCREMENT=4 DEFAULT CHARSET=utf8mb4 COMMENT='商品评价表';

INSERT INTO `goods_comment` (`id`, `comment_id`, `score`, `user_id`, `goods_id`, `order_id`, `addon`, `images`, `content`, `seller_content`, `display`, `ctime`) VALUES
  (1, 0, 1, 1, 1, 15379534034009, '颜色:白色,规格:规格1', '258b53bc9392008defe38db81530b661', '真的很不错，下次还来购买。', NULL, 1, 1538020716),
  (2, 0, 5, 1, 1, 15380213346461, '颜色:红色,规格:规格1', '34fb99cf6768a5c6bcb39f50e033568a,fb0b9086e6e62be65df8a1a1c450dc1d', '还行，凑合吧。', NULL, 1, 1538045387),
  (3, 0, 5, 1, 1, 15380213346461, '颜色:白色,规格:规格1', '504348948f56b6f82870ad9a1160fe77', '棒棒的。', NULL, 1, 1538045387);

DROP TABLE IF EXISTS `goods_images`;
CREATE TABLE IF NOT EXISTS `goods_images` (
  `goods_id` int(10) unsigned NOT NULL COMMENT '商品ID',
  `image_id` char(32) NOT NULL COMMENT '图片ID'
) ENGINE=InnoDB DEFAULT CHARSET=utf8mb4 COMMENT='商品图片关联表';

INSERT INTO `goods_images` (`goods_id`, `image_id`) VALUES
  (1, '8ef876168670ddb5c37941a867172f28'),
  (1, '1e6a5117d2a6082b565ad4d1c9e58c0d'),
  (1, '2606549d84e2ded23935ddcc2d562c43'),
  (1, '708ef31a7ba3d766a9a0424aeb8b8481');

DROP TABLE IF EXISTS `goods_params`;
CREATE TABLE IF NOT EXISTS `goods_params` (
  `id` int(10) NOT NULL,
  `name` varchar(50) DEFAULT NULL COMMENT '参数名称',
  `value` text COMMENT '参数值',
  `type` varchar(10) DEFAULT NULL COMMENT '参数类型，text文本框，radio单选，checkbox复选框',
  `ctime` bigint(12) DEFAULT NULL COMMENT '创建时间',
  `utime` bigint(12) DEFAULT NULL COMMENT '更新时间'
) ENGINE=InnoDB AUTO_INCREMENT=2 DEFAULT CHARSET=utf8 COMMENT='商品参数表';

INSERT INTO `goods_params` (`id`, `name`, `value`, `type`, `ctime`, `utime`) VALUES
  (1, '材质', '纯棉 化纤 丝绸', 'radio', 1537860437, 1537860478);

DROP TABLE IF EXISTS `goods_type`;
CREATE TABLE IF NOT EXISTS `goods_type` (
  `id` int(10) unsigned NOT NULL,
  `name` varchar(20) DEFAULT NULL COMMENT '类型名称',
  `params` text COMMENT '参数序列号存储 array(参数组名=>array(''参数1'',''参数二''))'
) ENGINE=InnoDB AUTO_INCREMENT=2 DEFAULT CHARSET=utf8mb4 COMMENT='商品类型';

INSERT INTO `goods_type` (`id`, `name`, `params`) VALUES
  (1, '上衣', NULL);

DROP TABLE IF EXISTS `goods_type_params`;
CREATE TABLE IF NOT EXISTS `goods_type_params` (
  `params_id` int(10) unsigned DEFAULT '0' COMMENT '商品参数id',
  `type_id` int(10) unsigned DEFAULT '0' COMMENT '商品类型id'
) ENGINE=InnoDB DEFAULT CHARSET=utf8;

INSERT INTO `goods_type_params` (`params_id`, `type_id`) VALUES
  (1, 1);

DROP TABLE IF EXISTS `goods_type_spec`;
CREATE TABLE IF NOT EXISTS `goods_type_spec` (
  `id` int(10) unsigned NOT NULL,
  `name` varchar(30) DEFAULT NULL COMMENT '商品类型属性名称',
  `sort` smallint(5) unsigned DEFAULT '100' COMMENT '商品类型属性排序 越小越靠前'
) ENGINE=InnoDB AUTO_INCREMENT=3 DEFAULT CHARSET=utf8mb4 COMMENT='商品类型属性表';

INSERT INTO `goods_type_spec` (`id`, `name`, `sort`) VALUES
  (1, '颜色', 100),
  (2, '规格', 100);

DROP TABLE IF EXISTS `goods_type_spec_rel`;
CREATE TABLE IF NOT EXISTS `goods_type_spec_rel` (
  `spec_id` int(10) unsigned NOT NULL COMMENT '属性ID',
  `type_id` int(10) unsigned DEFAULT NULL COMMENT '类型ID'
) ENGINE=InnoDB DEFAULT CHARSET=utf8mb4 COMMENT='商品类型和属性关联表';

INSERT INTO `goods_type_spec_rel` (`spec_id`, `type_id`) VALUES
  (1, 1),
  (2, 1);

DROP TABLE IF EXISTS `goods_type_spec_value`;
CREATE TABLE IF NOT EXISTS `goods_type_spec_value` (
  `id` int(10) unsigned NOT NULL,
  `spec_id` int(10) unsigned DEFAULT NULL COMMENT '属性ID 关联goods_type_spec.id',
  `value` varchar(50) DEFAULT NULL COMMENT '属性值',
  `sort` smallint(5) unsigned DEFAULT '100' COMMENT '排序 越小越靠前'
) ENGINE=InnoDB AUTO_INCREMENT=19 DEFAULT CHARSET=utf8mb4 COMMENT='商品类型属性值表';

INSERT INTO `goods_type_spec_value` (`id`, `spec_id`, `value`, `sort`) VALUES
  (1, 1, '红色', 100),
  (2, 1, '白色', 100),
  (3, 1, '绿色', 100),
  (4, 1, '蓝色', 100),
  (5, 1, '紫色', 100),
  (6, 1, '黑色', 100),
  (7, 1, '棕色', 100),
  (8, 1, '灰色', 100),
  (9, 2, '规格1', 100),
  (10, 2, '规格2', 100),
  (11, 2, '规格3', 100),
  (12, 2, '规格4', 100),
  (13, 2, '规格5', 100),
  (14, 2, '规格6', 100),
  (15, 2, '规格7', 100),
  (16, 2, '规格8', 100),
  (17, 2, '规格9', 100),
  (18, 2, '规格10', 100);

DROP TABLE IF EXISTS `hooks`;
CREATE TABLE IF NOT EXISTS `hooks` (
  `id` int(10) NOT NULL,
  `name` varchar(50) DEFAULT NULL COMMENT '钩子名称',
  `description` text NOT NULL COMMENT '钩子描述',
  `type` tinyint(1) NOT NULL DEFAULT '1' COMMENT '钩子类型,1是控制器，2是视图',
  `addons` text NOT NULL COMMENT '钩子挂载的插件，逗号分隔',
  `ctime` int(10) NOT NULL COMMENT '创建时间',
  `utime` int(11) NOT NULL DEFAULT '0' COMMENT '更新时间'
) ENGINE=InnoDB AUTO_INCREMENT=4 DEFAULT CHARSET=utf8;

INSERT INTO `hooks` (`id`, `name`, `description`, `type`, `addons`, `ctime`, `utime`) VALUES
  (1, 'testhook', '测试钩子', 1, 'appletmessage,test', 1538029316, 1538029316),
  (2, 'sendwxmessage', '发送微信消息', 1, 'appletmessage', 1538029328, 1538029328),
  (3, 'kefu', '在线客服', 1, 'hecong', 1538029339, 1538029339);

DROP TABLE IF EXISTS `ietask`;
CREATE TABLE IF NOT EXISTS `ietask` (
  `id` int(10) unsigned NOT NULL,
  `name` varchar(200) DEFAULT NULL COMMENT '任务名称',
  `message` varchar(255) DEFAULT NULL COMMENT '任务消息',
  `file_type` varchar(20) DEFAULT 'csv' COMMENT '文件类型',
  `ctime` int(10) unsigned DEFAULT NULL COMMENT '创建时间',
  `utime` int(10) DEFAULT NULL COMMENT '更新时间',
  `type` tinyint(1) DEFAULT NULL COMMENT '任务类型，1为导出，2为导入',
  `status` tinyint(1) unsigned DEFAULT '0' COMMENT '任务状态，0为等待执行，1正在导出，2导出成功，3导出失败，4正在导入，5导入成功，6导入失败，7中断，8部分导入',
  `params` text COMMENT '相关参数',
  `file_name` varchar(255) DEFAULT NULL COMMENT '文件名称',
  `file_size` varchar(200) DEFAULT NULL COMMENT '文件大小',
  `file_path` varchar(255) DEFAULT NULL COMMENT '文件路径'
) ENGINE=InnoDB DEFAULT CHARSET=utf8 COMMENT='导入导出任务表';

DROP TABLE IF EXISTS `images`;
CREATE TABLE IF NOT EXISTS `images` (
  `id` char(32) NOT NULL COMMENT '图片ID',
  `name` varchar(50) DEFAULT NULL COMMENT '图片名称',
  `url` varchar(255) DEFAULT NULL COMMENT '绝对地址',
  `path` varchar(255) DEFAULT NULL COMMENT '物理地址',
  `type` enum('web','local') DEFAULT 'local' COMMENT '存储引擎',
  `ctime` bigint(12) unsigned DEFAULT NULL COMMENT '创建时间',
  `isdel` bigint(12) unsigned DEFAULT NULL COMMENT '删除标志 有数据代表删除'
) ENGINE=InnoDB DEFAULT CHARSET=utf8mb4 COMMENT='图片表';

INSERT INTO `images` (`id`, `name`, `url`, `path`, `type`, `ctime`, `isdel`) VALUES
  ('03ca799895a0b094bca75116e322539c', '裂帛.png', 'http://b2c.jihainet.com/static/uploads/2d/6f/d5/5ba9e21e12188.png', '/home/data/releases/b2c_standard/20180925-151503//public/static/uploads/2d/6f/d5/5ba9e21e12188.png', 'local', 1537860126, NULL),
  ('03f570a496204bca64c0e64d84b57b69', 'wxd9d17d7370b11efd.o6zAJszoXEXQ305JHRTAOpNOGBeA.jz', '/static/uploads/80/69/ac/5bacab70739ee.jpg', '/home/data/releases/b2c_standard/20180927-180110//public/static/uploads/80/69/ac/5bacab70739ee.jpg', 'local', 1538042736, NULL),
  ('14b44959327363e274c8a2ba9dba3ace', '玖姿.png', 'http://b2c.jihainet.com/static/uploads/0e/f2/b1/5ba9e21f0dd1a.png', '/home/data/releases/b2c_standard/20180925-151503//public/static/uploads/0e/f2/b1/5ba9e21f0dd1a.png', 'local', 1537860127, NULL),
  ('1e6a5117d2a6082b565ad4d1c9e58c0d', 'goods1_3.jpg', 'http://b2c.jihainet.com/static/uploads/9f/81/10/5ba9e786c45eb.jpg', '/home/data/releases/b2c_standard/20180925-151503//public/static/uploads/9f/81/10/5ba9e786c45eb.jpg', 'local', 1537861510, NULL),
  ('238b03792b182cc2c70a8e7abe7e887d', 'wxd9d17d7370b11efd.o6zAJszoXEXQ305JHRTAOpNOGBeA.Bb', '/static/uploads/3b/a4/8d/5bacab6bb1860.jpg', '/home/data/releases/b2c_standard/20180927-180110//public/static/uploads/3b/a4/8d/5bacab6bb1860.jpg', 'local', 1538042731, NULL),
  ('258b53bc9392008defe38db81530b661', 'wxd9d17d7370b11efd.o6zAJszoXEXQ305JHRTAOpNOGBeA.JN', '/static/uploads/5c/7c/31/5bac538dcd073.jpeg', '/home/data/releases/b2c_standard/20180927-113130//public/static/uploads/5c/7c/31/5bac538dcd073.jpeg', 'local', 1538020237, NULL),
  ('2606549d84e2ded23935ddcc2d562c43', 'goods1_1.jpg', 'http://b2c.jihainet.com/static/uploads/df/6d/df/5ba9e78ac77d0.jpg', '/home/data/releases/b2c_standard/20180925-151503//public/static/uploads/df/6d/df/5ba9e78ac77d0.jpg', 'local', 1537861514, NULL),
  ('2660dd8bb5ef408b75d3ac78d7a45c72', '两三事.png', 'http://b2c.jihainet.com/static/uploads/a5/fc/e3/5ba9e21b64271.png', '/home/data/releases/b2c_standard/20180925-151503//public/static/uploads/a5/fc/e3/5ba9e21b64271.png', 'local', 1537860123, NULL),
  ('26a7f986080eb07e070542fae5878547', 'wxd9d17d7370b11efd.o6zAJszoXEXQ305JHRTAOpNOGBeA.NB', '/static/uploads/30/aa/56/5bac5391a4692.jpg', '/home/data/releases/b2c_standard/20180927-113130//public/static/uploads/30/aa/56/5bac5391a4692.jpg', 'local', 1538020241, NULL),
  ('295852107c79d20ff667bce64ed48048', 'wxd9d17d7370b11efd.o6zAJszoXEXQ305JHRTAOpNOGBeA.ep', '/static/uploads/07/b4/03/5baf32a3a2ee6.jpg', '/home/data/releases/b2c_standard/20180927-184813//public/static/uploads/07/b4/03/5baf32a3a2ee6.jpg', 'local', 1538208419, NULL),
  ('34fb99cf6768a5c6bcb39f50e033568a', 'wxd9d17d7370b11efd.o6zAJszoXEXQ305JHRTAOpNOGBeA.y4', '/static/uploads/d4/0e/6d/5bacb1863a515.jpg', '/home/data/releases/b2c_standard/20180927-181100//public/static/uploads/d4/0e/6d/5bacb1863a515.jpg', 'local', 1538044294, NULL),
  ('38b53dadcfeb35a77678a0a9cfdb7a7c', '茵曼.png', 'http://b2c.jihainet.com/static/uploads/a2/3d/6e/5ba9e21ccf87e.png', '/home/data/releases/b2c_standard/20180925-151503//public/static/uploads/a2/3d/6e/5ba9e21ccf87e.png', 'local', 1537860124, NULL),
  ('504348948f56b6f82870ad9a1160fe77', 'wxd9d17d7370b11efd.o6zAJszoXEXQ305JHRTAOpNOGBeA.72', '/static/uploads/54/f6/e0/5bacb16f3fd7f.jpeg', '/home/data/releases/b2c_standard/20180927-181100//public/static/uploads/54/f6/e0/5bacb16f3fd7f.jpeg', 'local', 1538044271, NULL),
  ('56020c21a0e3b07e9906c1c6f06bee6a', '依嬅莎.jpg', 'http://b2c.jihainet.com/static/uploads/d6/a3/95/5ba9e21a032e0.jpg', '/home/data/releases/b2c_standard/20180925-151503//public/static/uploads/d6/a3/95/5ba9e21a032e0.jpg', 'local', 1537860122, NULL),
  ('5649e2710a8216569bb76425b11a67c4', 'wxd9d17d7370b11efd.o6zAJszoXEXQ305JHRTAOpNOGBeA.QC', '/static/uploads/10/d6/df/5bacb1814b48d.jpg', '/home/data/releases/b2c_standard/20180927-181100//public/static/uploads/10/d6/df/5bacb1814b48d.jpg', 'local', 1538044289, NULL),
  ('67939884b094a79f2402814f23027de6', 'wxd9d17d7370b11efd.o6zAJszoXEXQ305JHRTAOpNOGBeA.iE', '/static/uploads/76/5b/2e/5baf3242ecd44.jpeg', '/home/data/releases/b2c_standard/20180927-184813//public/static/uploads/76/5b/2e/5baf3242ecd44.jpeg', 'local', 1538208322, NULL),
  ('6cca2655470a823424d350b1f3079c9e', 'wxd9d17d7370b11efd.o6zAJszoXEXQ305JHRTAOpNOGBeA.YM', '/static/uploads/d7/d7/31/5baf324f0d409.jpg', '/home/data/releases/b2c_standard/20180927-184813//public/static/uploads/d7/d7/31/5baf324f0d409.jpg', 'local', 1538208335, NULL),
  ('708ef31a7ba3d766a9a0424aeb8b8481', 'goods1_5.jpg', 'http://b2c.jihainet.com/static/uploads/e9/bc/30/5ba9e786e2f66.jpg', '/home/data/releases/b2c_standard/20180925-151503//public/static/uploads/e9/bc/30/5ba9e786e2f66.jpg', 'local', 1537861510, NULL),
  ('78881593fcf3d651b5c0e69e6e8eba97', '波司登.png', 'http://b2c.jihainet.com/static/uploads/eb/72/fe/5ba9e21a61aa1.png', '/home/data/releases/b2c_standard/20180925-151503//public/static/uploads/eb/72/fe/5ba9e21a61aa1.png', 'local', 1537860122, NULL),
  ('7c0cbba424a367183c9c3b587fa48553', 'wxd9d17d7370b11efd.o6zAJszoXEXQ305JHRTAOpNOGBeA.XY', '/static/uploads/21/25/90/5baf3292409a5.jpeg', '/home/data/releases/b2c_standard/20180927-184813//public/static/uploads/21/25/90/5baf3292409a5.jpeg', 'local', 1538208402, NULL),
  ('84d948f46c9dc152d313d782ccd3d223', 'wxd9d17d7370b11efd.o6zAJszoXEXQ305JHRTAOpNOGBeA.gi', '/static/uploads/ad/ed/fb/5bab26f48dca5.jpg', '/home/data/releases/b2c_standard/20180926-115955//public/static/uploads/ad/ed/fb/5bab26f48dca5.jpg', 'local', 1537943284, NULL),
  ('8809c039c5afd2af6610a3111bb7d4b7', 'u=3112331775,1705654587&fm=27&gp=0.jpg', '/static/uploads/b4/10/f7/5bab3d8e8847e.jpg', '/home/data/releases/b2c_standard/20180926-160226//public/static/uploads/b4/10/f7/5bab3d8e8847e.jpg', 'local', 1537949070, NULL),
  ('8ef876168670ddb5c37941a867172f28', 'goods1_4.jpg', 'http://b2c.jihainet.com/static/uploads/5b/ff/67/5ba9e78294c5a.jpg', '/home/data/releases/b2c_standard/20180925-151503//public/static/uploads/5b/ff/67/5ba9e78294c5a.jpg', 'local', 1537861506, NULL),
  ('9422a9632cae4f6c45a171c58a9f776c', '千仞岗.png', 'http://b2c.jihainet.com/static/uploads/21/10/c9/5ba9e21b1c076.png', '/home/data/releases/b2c_standard/20180925-151503//public/static/uploads/21/10/c9/5ba9e21b1c076.png', 'local', 1537860123, NULL),
  ('b419e4164d5726d057b2ae195f9a96df', 'goods1_2.jpg', 'http://b2c.jihainet.com/static/uploads/b7/03/ed/5ba9e78922087.jpg', '/home/data/releases/b2c_standard/20180925-151503//public/static/uploads/b7/03/ed/5ba9e78922087.jpg', 'local', 1537861513, NULL),
  ('b9d70b1b457f77b3796cd4229c9b0aa2', '水墨清华.jpg', 'http://b2c.jihainet.com/static/uploads/43/cb/eb/5ba9e21d41d70.jpg', '/home/data/releases/b2c_standard/20180925-151503//public/static/uploads/43/cb/eb/5ba9e21d41d70.jpg', 'local', 1537860125, NULL),
  ('d80e32cf4665fb60ef9b632466c835e2', '艾尚臣.png', 'http://b2c.jihainet.com/static/uploads/4f/4d/86/5ba9e21b16403.png', '/home/data/releases/b2c_standard/20180925-151503//public/static/uploads/4f/4d/86/5ba9e21b16403.png', 'local', 1537860123, NULL),
  ('dcc56740b60745aac85a1b0433767a8d', '恩裳.png', 'http://b2c.jihainet.com/static/uploads/a7/fb/46/5ba9e21e33314.png', '/home/data/releases/b2c_standard/20180925-151503//public/static/uploads/a7/fb/46/5ba9e21e33314.png', 'local', 1537860126, NULL),
  ('def45acaee091fb6ab66634b76a5ce48', 'UR.jpeg', 'http://b2c.jihainet.com/static/uploads/d5/02/ee/5ba9e21d4ff8b.jpeg', '/home/data/releases/b2c_standard/20180925-151503//public/static/uploads/d5/02/ee/5ba9e21d4ff8b.jpeg', 'local', 1537860125, NULL),
  ('e066155b201c578f5cd467616b0483b2', '拉夏贝尔.jpg', 'http://b2c.jihainet.com/static/uploads/54/82/d1/5ba9e21dcbd68.jpg', '/home/data/releases/b2c_standard/20180925-151503//public/static/uploads/54/82/d1/5ba9e21dcbd68.jpg', 'local', 1537860125, NULL),
  ('e3d1da51da52c907c41f0b79601140ed', 'wxd9d17d7370b11efd.o6zAJszoXEXQ305JHRTAOpNOGBeA.Ws', '/static/uploads/0f/9e/bc/5bacab62c7983.jpeg', '/home/data/releases/b2c_standard/20180927-180110//public/static/uploads/0f/9e/bc/5bacab62c7983.jpeg', 'local', 1538042722, NULL),
  ('e75777b3c40755d4d0febd7696452150', 'DKCHENPIN.jpg', 'http://b2c.jihainet.com/static/uploads/9e/17/a8/5ba9e21a4d831.jpg', '/home/data/releases/b2c_standard/20180925-151503//public/static/uploads/9e/17/a8/5ba9e21a4d831.jpg', 'local', 1537860122, NULL),
  ('f0007202b0603ea8263da17b53ff0b7a', '0751ef339ada6598c11199991ddd14a9.jpg', '/static/uploads/e5/f9/a4/5bac52e9d3c2e.jpg', '/home/data/releases/b2c_standard/20180927-113130//public/static/uploads/e5/f9/a4/5bac52e9d3c2e.jpg', 'local', 1538020073, NULL),
  ('f35097129c428b29a20a89641d18740c', 'wxd9d17d7370b11efd.o6zAJszoXEXQ305JHRTAOpNOGBeA.ya', '/static/uploads/93/91/c4/5bac53a0c97aa.jpg', '/home/data/releases/b2c_standard/20180927-113130//public/static/uploads/93/91/c4/5bac53a0c97aa.jpg', 'local', 1538020256, NULL),
  ('fb0b9086e6e62be65df8a1a1c450dc1d', 'wxd9d17d7370b11efd.o6zAJszoXEXQ305JHRTAOpNOGBeA.wr', '/static/uploads/16/b0/42/5bacb1e7a3b5a.jpeg', '/home/data/releases/b2c_standard/20180927-181100//public/static/uploads/16/b0/42/5bacb1e7a3b5a.jpeg', 'local', 1538044391, NULL),
  ('fb594a67a5bd4034879e10b39fc27be9', '罗衣.png', 'http://b2c.jihainet.com/static/uploads/24/db/73/5ba9e21ce529b.png', '/home/data/releases/b2c_standard/20180925-151503//public/static/uploads/24/db/73/5ba9e21ce529b.png', 'local', 1537860124, NULL),
  ('fcf3bc0c3842963e0ccd606312263f9c', '维卡拉.jpg', 'http://b2c.jihainet.com/static/uploads/8f/d0/58/5ba9e21a038aa.jpg', '/home/data/releases/b2c_standard/20180925-151503//public/static/uploads/8f/d0/58/5ba9e21a038aa.jpg', 'local', 1537860122, NULL);

DROP TABLE IF EXISTS `jobs`;
CREATE TABLE IF NOT EXISTS `jobs` (
  `id` int(11) NOT NULL,
  `queue` varchar(255) NOT NULL,
  `payload` longtext NOT NULL,
  `attempts` tinyint(3) unsigned NOT NULL,
  `reserved` tinyint(3) unsigned NOT NULL,
  `reserved_at` int(10) unsigned DEFAULT NULL,
  `available_at` int(10) unsigned NOT NULL,
  `created_at` int(10) unsigned NOT NULL
) ENGINE=InnoDB DEFAULT CHARSET=utf8 COMMENT='队列表';

DROP TABLE IF EXISTS `label`;
CREATE TABLE IF NOT EXISTS `label` (
  `id` int(10) NOT NULL,
  `name` varchar(20) DEFAULT NULL COMMENT '标签名称',
  `style` varchar(20) DEFAULT 'hot' COMMENT '标签样式'
) ENGINE=InnoDB AUTO_INCREMENT=5 DEFAULT CHARSET=utf8 COMMENT='标签表';

INSERT INTO `label` (`id`, `name`, `style`) VALUES
  (1, '热卖', 'red'),
  (2, '新品', 'green');

DROP TABLE IF EXISTS `login_log`;
CREATE TABLE IF NOT EXISTS `login_log` (
  `id` int(11) unsigned NOT NULL COMMENT 'id',
  `user_id` int(11) unsigned NOT NULL COMMENT '用户id',
  `state` tinyint(1) DEFAULT NULL COMMENT '登录 1  退出2,3注册',
  `log_time` bigint(12) unsigned DEFAULT NULL COMMENT '时间',
  `city` varchar(100) DEFAULT NULL COMMENT '地点城市',
  `ip` varchar(15) DEFAULT NULL COMMENT 'ip地址'
) ENGINE=InnoDB DEFAULT CHARSET=utf8mb4;

DROP TABLE IF EXISTS `logistics`;
CREATE TABLE IF NOT EXISTS `logistics` (
  `id` int(10) unsigned NOT NULL,
  `logi_name` varchar(30) DEFAULT NULL COMMENT '物流公司名称',
  `logi_code` varchar(50) DEFAULT NULL COMMENT '物流公司编码',
  `sort` tinyint(3) unsigned DEFAULT '100' COMMENT '排序 越小越靠前'
) ENGINE=InnoDB AUTO_INCREMENT=28 DEFAULT CHARSET=utf8mb4 COMMENT='物流公司表';

INSERT INTO `logistics` (`id`, `logi_name`, `logi_code`, `sort`) VALUES
  (1, '顺丰', 'sf', 1),
  (2, '申通', 'sto', 2),
  (3, '圆通', 'yt', 3),
  (4, '韵达', 'yd', 4),
  (5, '天天', 'tt', 5),
  (6, 'EMS', 'ems', 6),
  (7, '中通', 'zto', 7),
  (8, '百世', 'ht', 8),
  (9, '全峰', 'qf', 9),
  (10, '德邦', 'db', 10),
  (11, '国通', 'gt', 11),
  (12, '如风达', 'rfd', 12),
  (13, '京东快递', 'jd', 13),
  (14, '宅急送', 'zjs', 14),
  (15, 'EMS国际', 'emsg', 15),
  (16, 'Fedex国际', 'fedex', 16),
  (17, '邮政国内', 'yzgn', 17),
  (18, 'UPS国际快递', 'ups', 18),
  (19, '中铁快运', 'ztky', 19),
  (20, '佳吉快运', 'jiaji', 20),
  (21, '速尔快递', 'suer', 21),
  (22, '信丰物流', 'xfwl', 22),
  (23, '优速快递', 'yousu', 23),
  (24, '中邮物流', 'zhongyou', 24),
  (25, '天地华宇', 'tdhy', 25),
  (26, '安信达快递', 'axd', 26),
  (27, '快捷快递', 'kuaijie', 27);

DROP TABLE IF EXISTS `manage`;
CREATE TABLE IF NOT EXISTS `manage` (
  `id` int(10) unsigned NOT NULL COMMENT '用户ID',
  `username` varchar(20) DEFAULT NULL COMMENT '用户名',
  `password` char(32) DEFAULT NULL COMMENT '密码 md5(md5()+创建时间)',
  `mobile` char(15) DEFAULT NULL COMMENT '手机号',
  `avatar` varchar(255) DEFAULT NULL COMMENT '头像',
  `nickname` varchar(50) DEFAULT NULL COMMENT '昵称',
  `ctime` bigint(12) unsigned DEFAULT NULL,
  `utime` bigint(12) unsigned DEFAULT NULL,
  `status` tinyint(1) unsigned DEFAULT '1' COMMENT '1 = 正常 2 = 停用'
) ENGINE=InnoDB AUTO_INCREMENT=14 DEFAULT CHARSET=utf8mb4 COMMENT='管理员表';

INSERT INTO `manage` (`id`, `username`, `password`, `mobile`, `avatar`, `nickname`, `ctime`, `utime`, `status`) VALUES
  (13, 'admin', 'ff92a240d11b05ebd392348c35f781b2', '15237211882', NULL, NULL, NULL, NULL, 1);

DROP TABLE IF EXISTS `manage_role`;
CREATE TABLE IF NOT EXISTS `manage_role` (
  `id` int(10) unsigned NOT NULL,
  `name` varchar(50) DEFAULT NULL COMMENT '角色名称',
  `utime` bigint(12) unsigned DEFAULT NULL COMMENT '更新时间'
) ENGINE=InnoDB AUTO_INCREMENT=5 DEFAULT CHARSET=utf8mb4 COMMENT='总后台角色表';

DROP TABLE IF EXISTS `manage_role_operation_rel`;
CREATE TABLE IF NOT EXISTS `manage_role_operation_rel` (
  `manage_role_id` int(10) NOT NULL,
  `operation_id` int(10) NOT NULL
) ENGINE=InnoDB DEFAULT CHARSET=utf8mb4 COMMENT='店铺角色操作权限关联表';

DROP TABLE IF EXISTS `manage_role_rel`;
CREATE TABLE IF NOT EXISTS `manage_role_rel` (
  `manage_id` int(10) unsigned NOT NULL COMMENT '管理员ID 关联manage.id',
  `role_id` int(10) unsigned DEFAULT NULL COMMENT '角色ID 关联role.id'
) ENGINE=InnoDB DEFAULT CHARSET=utf8mb4 COMMENT='管理员和角色关系表';

DROP TABLE IF EXISTS `message`;
CREATE TABLE IF NOT EXISTS `message` (
  `id` int(10) unsigned NOT NULL,
  `user_id` int(10) NOT NULL COMMENT '用户id',
  `code` varchar(60) NOT NULL COMMENT '消息编码',
  `params` varchar(50) NOT NULL COMMENT '参数',
  `content` text NOT NULL COMMENT '内容',
  `ctime` bigint(12) unsigned NOT NULL COMMENT '创建时间',
  `utime` bigint(12) unsigned NOT NULL COMMENT '查看时间',
  `status` tinyint(1) unsigned NOT NULL DEFAULT '1' COMMENT '1未查看，2已查看'
) ENGINE=InnoDB AUTO_INCREMENT=13 DEFAULT CHARSET=utf8mb4 COMMENT='站内信';

INSERT INTO `message` (`id`, `user_id`, `code`, `params`, `content`, `ctime`, `utime`, `status`) VALUES
  (1, 1, 'create_order', '{"order_id":"15378660674172","goods_amount":450,"o', '订单创建成功。', 1537866067, 1537866067, 1),
  (2, 1, 'create_order', '{"order_id":"15379429984146","goods_amount":0.1,"o', '订单创建成功。', 1537942998, 1537942998, 1),
  (3, 1, 'create_order', '{"order_id":"15379473874089","goods_amount":0.1,"o', '订单创建成功。', 1537947387, 1537947387, 1),
  (4, 2, 'create_order', '{"order_id":"15379491106204","goods_amount":450,"o', '订单创建成功。', 1537949110, 1537949110, 1),
  (5, 1, 'create_order', '{"order_id":"15379497406979","goods_amount":0.1,"o', '订单创建成功。', 1537949740, 1537949740, 1),
  (6, 1, 'create_order', '{"order_id":"15379531244507","goods_amount":450,"o', '订单创建成功。', 1537953124, 1537953124, 1),
  (7, 1, 'create_order', '{"order_id":"15379531879445","goods_amount":450,"o', '订单创建成功。', 1537953187, 1537953187, 1),
  (8, 1, 'create_order', '{"order_id":"15379534034009","goods_amount":0.1,"o', '订单创建成功。', 1537953403, 1537953403, 1),
  (9, 1, 'delivery_notice', '["15379534034009","sf","836198574698","",[["8","1"', '你好，你的订单已经发货。', 1538019542, 1538019542, 1),
  (10, 1, 'delivery_notice', '["15379497406979","sf","89987879","",[["5","1"]]]', '你好，你的订单已经发货。', 1538021179, 1538021179, 1),
  (11, 1, 'create_order', '{"order_id":"15380213346461","goods_amount":450.1,', '订单创建成功。', 1538021334, 1538021334, 1),
  (12, 1, 'delivery_notice', '["15380213346461","sf","yujghgjhgjghyj","",[["9","', '你好，你的订单已经发货。', 1538021359, 1538021359, 1);

DROP TABLE IF EXISTS `message_center`;
CREATE TABLE IF NOT EXISTS `message_center` (
  `id` int(11) unsigned NOT NULL,
  `code` varchar(32) CHARACTER SET utf8mb4 COLLATE utf8mb4_unicode_ci DEFAULT NULL COMMENT '编码',
  `sms` tinyint(1) unsigned NOT NULL COMMENT '1 启用  2禁用',
  `message` tinyint(1) unsigned NOT NULL COMMENT '站内消息',
  `wx_tpl_message` tinyint(1) unsigned NOT NULL COMMENT '微信模板消息'
) ENGINE=InnoDB DEFAULT CHARSET=utf8 COLLATE=utf8_unicode_ci COMMENT='消息中心表';

DROP TABLE IF EXISTS `notice`;
CREATE TABLE IF NOT EXISTS `notice` (
  `id` int(11) unsigned NOT NULL,
  `title` varchar(200) CHARACTER SET utf8mb4 DEFAULT NULL COMMENT '公告标题',
  `content` longtext CHARACTER SET utf8mb4 COMMENT '公告内容',
  `type` tinyint(1) unsigned DEFAULT '1' COMMENT '公告类型',
  `ctime` bigint(12) DEFAULT NULL COMMENT '创建时间 毫秒',
  `sort` tinyint(3) unsigned DEFAULT '100' COMMENT '排序 从小到大',
  `isdel` bigint(12) unsigned DEFAULT NULL COMMENT '软删除位  有时间代表已删除'
) ENGINE=InnoDB DEFAULT CHARSET=utf8 COLLATE=utf8_unicode_ci COMMENT='公告表';

DROP TABLE IF EXISTS `operation`;
CREATE TABLE IF NOT EXISTS `operation` (
  `id` int(10) unsigned NOT NULL,
  `parent_id` int(10) unsigned NOT NULL COMMENT '父ID',
  `name` varchar(50) DEFAULT NULL COMMENT '操作名称',
  `code` varchar(50) DEFAULT NULL COMMENT '操作编码',
  `type` enum('m','c','a') NOT NULL DEFAULT 'a' COMMENT '类型',
  `parent_menu_id` int(10) unsigned NOT NULL COMMENT '菜单id',
  `perm_type` int(1) unsigned NOT NULL DEFAULT '3' COMMENT '权限许可类型，如果为1就是主体权限，， 如果为2就是半主体权限，在左侧菜单不显示，但是在权限菜单上有体现，如果为3就是关联权限',
  `sort` tinyint(3) unsigned DEFAULT '100' COMMENT '操作排序 越小越靠前'
) ENGINE=InnoDB AUTO_INCREMENT=479 DEFAULT CHARSET=utf8mb4 COMMENT='权限表';

INSERT INTO `operation` (`id`, `parent_id`, `name`, `code`, `type`, `parent_menu_id`, `perm_type`, `sort`) VALUES
  (2, 1, '管理后台', 'manage', 'm', 1, 1, 200),
  (91, 88, '添加物流公司', 'add', 'a', 0, 3, 100),
  (155, 129, '商品评价查看', 'getcommentinfo', 'a', 129, 3, 100),
  (156, 129, '商品评价回复', 'sellercontent', 'a', 129, 2, 100),
  (238, 2, '会员管理', 'User', 'c', 2, 1, 100),
  (239, 238, '用户列表', 'index', 'a', 238, 1, 100),
  (240, 238, '商品评价', 'comment', 'a', 238, 1, 101),
  (242, 238, '积分记录查询', 'pointLog', 'a', 241, 3, 100),
  (243, 238, '积分编辑', 'editPoint', 'a', 241, 2, 100),
  (244, 2, '控制面板', 'Setting', 'c', 2, 1, 200),
  (245, 244, '店铺设置', 'index', 'a', 244, 1, 100),
  (246, 2, '支付方式', 'Payments', 'c', 0, 1, 100),
  (247, 246, '支付方式列表', 'index', 'a', 244, 1, 100),
  (248, 246, '支付方式添加', 'add', 'a', 247, 2, 100),
  (249, 246, '支付方式修改', 'edit', 'a', 247, 2, 100),
  (250, 246, '支付方式删除', 'del', 'a', 247, 2, 100),
  (251, 246, '支付方式启/禁用', 'changeStatus', 'a', 249, 3, 100),
  (252, 2, '文章分类', 'ArticleType', 'c', 0, 1, 100),
  (253, 252, '文章分类', 'index', 'a', 266, 1, 100),
  (254, 252, '文章分类添加', 'add', 'a', 253, 2, 100),
  (255, 252, '文章分类修改', 'edit', 'a', 253, 2, 100),
  (256, 252, '文章分类删除', 'del', 'a', 253, 2, 100),
  (257, 252, '文章添加子分类', 'addson', 'a', 253, 3, 100),
  (258, 2, '文章管理', 'Article', 'c', 0, 1, 100),
  (259, 258, '文章列表', 'index', 'a', 266, 1, 100),
  (260, 258, '文章添加', 'add', 'a', 259, 2, 100),
  (261, 258, '文章修改', 'edit', 'a', 259, 2, 100),
  (262, 258, '文章删除', 'del', 'a', 259, 2, 100),
  (263, 2, '优惠券管理', 'Coupon', 'c', 0, 1, 140),
  (264, 263, '优惠券领取列表', 'index', 'a', 361, 2, 100),
  (265, 263, '优惠券删除', 'del', 'a', 361, 2, 100),
  (266, 2, '运营管理', 'Notice', 'c', 2, 1, 130),
  (267, 266, '公告列表', 'index', 'a', 266, 1, 100),
  (268, 266, '公告添加', 'add', 'a', 267, 2, 100),
  (269, 266, '公告修改', 'edit', 'a', 267, 2, 100),
  (270, 266, '公告删除', 'del', 'a', 267, 2, 100),
  (271, 2, '广告位管理', 'AdvertPosition', 'c', 0, 1, 100),
  (272, 271, '广告位列表', 'index', 'a', 266, 1, 100),
  (273, 271, '广告位添加', 'add', 'a', 272, 2, 100),
  (274, 271, '广告位修改', 'edit', 'a', 272, 2, 100),
  (275, 271, '广告位删除', 'del', 'a', 272, 2, 100),
  (276, 271, '广告位启/禁用', 'changeState', 'a', 272, 3, 100),
  (277, 2, '广告管理', 'Advertisement', 'c', 0, 1, 100),
  (278, 277, '广告列表', 'index', 'a', 266, 1, 100),
  (279, 277, '广告添加', 'add', 'a', 278, 2, 100),
  (280, 277, '广告修改', 'edit', 'a', 278, 2, 100),
  (281, 277, '广告删除', 'del', 'a', 278, 2, 100),
  (282, 277, '获取商品', 'getGoods', 'a', 278, 3, 100),
  (283, 277, '获取文章', 'getArticle', 'a', 278, 3, 100),
  (284, 277, '获取商品名称', 'goodsInfo', 'a', 278, 3, 100),
  (285, 277, '获取文章名称', 'articleInfo', 'a', 278, 3, 100),
  (286, 2, '品牌管理', 'Brand', 'c', 0, 1, 100),
  (287, 286, '品牌列表', 'index', 'a', 305, 1, 30),
  (288, 286, '品牌添加', 'add', 'a', 287, 2, 100),
  (289, 286, '品牌修改', 'edit', 'a', 287, 2, 100),
  (290, 286, '品牌删除', 'del', 'a', 287, 2, 100),
  (291, 2, '商品分类', 'Categories', 'c', 0, 1, 100),
  (292, 291, '商品分类', 'index', 'a', 305, 1, 20),
  (293, 291, '添加商品分类', 'add', 'a', 292, 2, 100),
  (294, 291, '编辑商品分类', 'edit', 'a', 292, 2, 100),
  (295, 291, '删除商品分类', 'del', 'a', 292, 2, 100),
  (296, 2, '订单管理', 'Order', 'c', 2, 1, 120),
  (297, 296, '订单列表', 'index', 'a', 296, 1, 90),
  (298, 296, '查看订单详情', 'view', 'a', 297, 3, 100),
  (299, 296, '编辑订单', 'edit', 'a', 297, 2, 100),
  (300, 296, '订单发货', 'ship', 'a', 297, 2, 100),
  (301, 296, '取消订单', 'cancel', 'a', 299, 3, 100),
  (302, 296, '完成订单', 'complete', 'a', 299, 3, 100),
  (303, 296, '删除订单', 'del', 'a', 297, 2, 100),
  (304, 296, '物流查询', 'logistics', 'a', 297, 3, 100),
  (305, 2, '商品管理', 'Goods', 'c', 2, 1, 110),
  (306, 305, '商品列表', 'index', 'a', 305, 1, 10),
  (307, 305, '添加商品', 'add', 'a', 306, 2, 100),
  (308, 305, '保存商品', 'doAdd', 'a', 307, 3, 100),
  (309, 305, '商品评价列表', 'commentList', 'a', 306, 2, 100),
  (310, 305, '商品评价详情', 'getCommentInfo', 'a', 309, 3, 100),
  (311, 305, '商家回复', 'sellerContent', 'a', 309, 3, 100),
  (312, 305, '前台展示状态', 'setDisplay', 'a', 164, 3, 100),
  (313, 305, '获取子分类', 'getCat', 'a', 306, 3, 100),
  (314, 305, '获取规格信息', 'getSpec', 'a', 306, 3, 100),
  (315, 305, '生成多规格', 'getSpecHtml', 'a', 306, 3, 100),
  (316, 305, '编辑商品', 'edit', 'a', 306, 2, 100),
  (317, 305, '保存编辑商品信息', 'doEdit', 'a', 316, 3, 100),
  (318, 305, '批量上下架', 'batchMarketable', 'a', 316, 3, 100),
  (319, 305, '批量删除', 'batchDel', 'a', 321, 3, 100),
  (320, 305, '商品高级筛选', 'goodsSearch', 'a', 306, 3, 100),
  (321, 305, '删除商品', 'del', 'a', 306, 2, 100),
  (322, 305, '设置热门或推荐', 'changeState', 'a', 316, 3, 100),
  (323, 2, '商品类型管理', 'GoodsType', 'c', 0, 1, 100),
  (324, 323, '商品类型', 'index', 'a', 305, 1, 40),
  (325, 323, '添加类型', 'add', 'a', 324, 2, 100),
  (326, 323, '关联属性', 'addrel', 'a', 324, 3, 100),
  (327, 323, '编辑属性', 'edit', 'a', 324, 2, 100),
  (328, 323, '删除属性', 'del', 'a', 324, 2, 100),
  (329, 323, '关联参数', 'addparams', 'a', 324, 3, 100),
  (330, 2, '商品属性', 'GoodsTypeSpec', 'c', 0, 1, 100),
  (331, 330, '商品属性', 'index', 'a', 305, 1, 50),
  (332, 330, '添加属性', 'add', 'a', 331, 3, 100),
  (333, 330, '编辑属性', 'edit', 'a', 331, 3, 100),
  (334, 330, '删除属性', 'del', 'a', 331, 3, 100),
  (335, 2, '配送方式', 'Ship', 'c', 0, 1, 100),
  (336, 335, '配送方式列表', 'index', 'a', 244, 1, 100),
  (337, 335, '添加配送方式', 'add', 'a', 336, 2, 100),
  (338, 335, '编辑配送方式', 'edit', 'a', 336, 2, 100),
  (339, 335, '删除配送方式', 'del', 'a', 336, 2, 100),
  (340, 335, '选择地区', 'chooseArea', 'a', 336, 3, 100),
  (341, 2, '管理中心', 'Index', 'c', 0, 1, 100),
  (342, 341, '首页', 'index', 'a', 241, 1, 10),
  (343, 2, '售后单管理', 'BillAftersales', 'c', 0, 1, 100),
  (344, 343, '售后单列表', 'index', 'a', 296, 1, 140),
  (345, 343, '售后单审核', 'audit', 'a', 344, 2, 100),
  (346, 343, '售后单查看', 'view', 'a', 344, 3, 100),
  (347, 2, '退货单管理', 'BillReship', 'c', 0, 1, 100),
  (348, 347, '退货单列表', 'index', 'a', 296, 1, 160),
  (349, 347, '退货单查看', 'view', 'a', 348, 3, 100),
  (350, 347, '退货单确认收货', 'confirmReship', 'a', 348, 2, 100),
  (351, 2, '退款单管理', 'BillRefund', 'c', 0, 1, 150),
  (352, 351, '退款单列表', 'index', 'a', 399, 1, 110),
  (353, 351, '退款单查看', 'view', 'a', 352, 3, 100),
  (354, 351, '操作退款', 'refund', 'a', 252, 2, 100),
  (355, 351, '再次退款', 'reaudit', 'a', 354, 3, 100),
  (356, 2, '促销管理', 'Promotion', 'c', 2, 1, 150),
  (357, 356, '促销列表', 'index', 'a', 356, 1, 100),
  (358, 356, '添加促销', 'add', 'a', 357, 2, 100),
  (359, 356, '促销编辑', 'edit', 'a', 357, 2, 100),
  (360, 356, '促销删除', 'del', 'a', 357, 2, 100),
  (361, 356, '优惠券列表', 'coupon', 'a', 356, 1, 100),
  (362, 356, '添加优惠券规则', 'couponAdd', 'a', 361, 2, 100),
  (363, 356, '优惠券规则编辑', 'couponEdit', 'a', 361, 2, 100),
  (364, 356, '优惠券规则删除', 'couponDel', 'a', 361, 2, 100),
  (365, 2, '门店管理', 'Store', 'c', 2, 1, 220),
  (366, 365, '门店列表', 'index', 'a', 365, 1, 100),
  (367, 365, '门店添加', 'add', 'a', 366, 2, 100),
  (368, 365, '门店修改', 'edit', 'a', 366, 2, 100),
  (369, 365, '门店删除', 'del', 'a', 366, 2, 100),
  (370, 365, '门店地图展现', 'showMap', 'a', 366, 3, 100),
  (390, 2, '图片列表', 'images', 'c', 0, 1, 100),
  (391, 390, '图片列表', 'index', 'a', 244, 1, 100),
  (392, 2, '任务列表', 'ietask', 'c', 0, 1, 100),
  (393, 392, '计划任务', 'index', 'a', 244, 1, 100),
  (394, 392, '商品导出', 'export', 'a', 306, 3, 100),
  (395, 392, '商品导入', 'import', 'a', 306, 3, 100),
  (396, 392, '下载导入模板', 'importTemplete', 'a', 306, 3, 100),
  (397, 392, '下载文件', 'down', 'a', 393, 3, 100),
  (398, 392, '执行下载文件', 'doDown', 'a', 393, 3, 100),
  (399, 2, '财务管理', 'BillPayments', 'c', 2, 1, 160),
  (400, 399, '支付单列表', 'index', 'a', 399, 1, 100),
  (401, 399, '后台支付', 'pay', 'a', 400, 2, 100),
  (402, 399, '后台支付实际操作', 'topay', 'a', 401, 3, 100),
  (403, 399, '支付单查看', 'index', 'a', 400, 3, 100),
  (404, 2, '发货单管理', 'BillDelivery', 'c', 0, 1, 100),
  (405, 404, '发货单列表', 'index', 'a', 296, 1, 100),
  (406, 404, '发货单详情', 'view', 'a', 405, 3, 100),
  (407, 404, '发货单明细', 'items', 'a', 405, 3, 100),
  (408, 2, '消息中心', 'MessageCenter', 'c', 0, 1, 100),
  (409, 408, '消息配置', 'index', 'a', 244, 1, 100),
  (410, 2, '角色管理', 'Role', 'c', 0, 1, 100),
  (411, 410, '角色管理', 'index', 'a', 238, 1, 100),
  (412, 410, '角色添加', 'add', 'a', 411, 2, 100),
  (413, 410, '角色删除', 'del', 'a', 411, 2, 100),
  (414, 410, '编辑权限', 'getOperation', 'a', 411, 2, 100),
  (415, 410, '角色保存权限', 'savePerm', 'a', 411, 3, 100),
  (416, 2, '子账号管理', 'Manage', 'c', 0, 1, 100),
  (417, 416, '子账号管理', 'index', 'a', 238, 1, 100),
  (418, 416, '管理员添加', 'add', 'a', 417, 2, 100),
  (419, 416, '管理员修改', 'edit', 'a', 417, 2, 100),
  (420, 416, '管理员删除', 'del', 'a', 417, 2, 100),
  (421, 2, '商品参数', 'GoodsParams', 'c', 0, 1, 100),
  (422, 421, '参数列表', 'index', 'a', 305, 1, 100),
  (423, 421, '添加参数', 'add', 'a', 422, 2, 100),
  (424, 421, '编辑参数', 'edit', 'a', 422, 2, 100),
  (425, 421, '删除参数', 'del', 'a', 422, 2, 100),
  (426, 2, '标签管理', 'Label', 'c', 0, 1, 100),
  (427, 426, '设置标签', 'setLabel', 'a', 306, 3, 100),
  (428, 426, '设置标签', 'doSetLabel', 'a', 306, 3, 100),
  (429, 426, '删除标签', 'delLabel', 'a', 306, 3, 100),
  (430, 426, '删除标签', 'doDelLabel', 'a', 306, 3, 100),
  (431, 2, '账户余额模块', 'Balance', 'c', 0, 1, 100),
  (432, 431, '账户资金管理', 'index', 'a', 399, 1, 150),
  (434, 2, '节点控制器', 'Operation', 'c', 2, 3, 100),
  (435, 434, '节点管理', 'index', 'a', 244, 1, 255),
  (436, 434, '节点删除', 'del', 'a', 435, 2, 100),
  (437, 434, '节点编辑', 'add', 'a', 435, 2, 100),
  (438, 2, '消息控制器', 'Message', 'c', 1, 3, 100),
  (439, 438, '消息管理', 'index', 'a', 238, 1, 200),
  (440, 438, '消息删除', 'del', 'a', 439, 3, 100),
  (441, 2, '短信控制器', 'Sms', 'c', 1, 3, 100),
  (442, 441, '短信管理', 'index', 'a', 238, 1, 255),
  (443, 441, '短信删除', 'del', 'a', 442, 3, 100),
  (460, 431, '提现列表', 'tocash', 'a', 399, 1, 100),
  (461, 431, '提现审核', 'tocashexamine', 'a', 460, 2, 100),
  (462, 2, '钩子列表', 'hooks', 'c', 1, 1, 100),
  (463, 462, '钩子列表', 'index', 'a', 244, 1, 100),
  (464, 2, '插件列表', 'addons', 'c', 1, 1, 100),
  (465, 464, '插件列表', 'index', 'a', 244, 1, 100),
  (466, 2, '地区管理', 'area', 'c', 1, 3, 100),
  (467, 466, '地区管理', 'index', 'a', 244, 1, 100),
  (468, 466, '添加地区', 'add', 'a', 467, 2, 100),
  (469, 466, '编辑地区', 'edit', 'a', 467, 2, 100),
  (470, 466, '删除地区', 'del', 'a', 467, 2, 100),
  (471, 462, '添加钩子', 'add', 'a', 463, 2, 100),
  (472, 462, '编辑钩子', 'edit', 'a', 463, 2, 100),
  (473, 462, '删除钩子', 'del', 'a', 463, 2, 100),
  (474, 464, '安装插件', 'install', 'a', 465, 2, 100),
  (475, 464, '卸载插件', 'uninstall', 'a', 465, 2, 100),
  (476, 464, '插件配置', 'setting', 'a', 465, 2, 100),
  (477, 464, '保存配置', 'doSetting', 'a', 465, 3, 100),
  (478, 464, '插件启用/停用', 'changeStatus', 'a', 465, 2, 100);

DROP TABLE IF EXISTS `operation_log`;
CREATE TABLE IF NOT EXISTS `operation_log` (
  `id` int(10) unsigned NOT NULL,
  `manage_id` int(10) unsigned DEFAULT NULL COMMENT '管理员ID',
  `controller` varchar(50) DEFAULT NULL COMMENT '操作的控制器名',
  `method` varchar(50) DEFAULT NULL COMMENT '操作方法名',
  `desc` varchar(255) DEFAULT NULL COMMENT '操作描述',
  `content` text COMMENT '操作数据序列号存储',
  `ip` char(50) DEFAULT NULL COMMENT '操作IP',
  `ctime` bigint(12) unsigned DEFAULT NULL COMMENT '操作时间'
) ENGINE=InnoDB DEFAULT CHARSET=utf8mb4 COMMENT='后台操作记录表';

DROP TABLE IF EXISTS `order`;
CREATE TABLE IF NOT EXISTS `order` (
  `order_id` varchar(20) NOT NULL,
  `goods_amount` decimal(10,2) unsigned DEFAULT '0.00' COMMENT '商品总价',
  `payed` decimal(10,2) unsigned DEFAULT '0.00' COMMENT '已支付的金额',
  `order_amount` decimal(10,2) unsigned NOT NULL DEFAULT '0.00' COMMENT '订单实际销售总额',
  `pay_status` tinyint(1) unsigned DEFAULT '1' COMMENT '支付状态 1=未付款 2=已付款 3=部分付款 4=部分退款 5=已退款',
  `ship_status` tinyint(1) unsigned DEFAULT '1' COMMENT '发货状态 1=未发货 2=部分发货 3=已发货 4=部分退货 5=已退货',
  `status` tinyint(1) unsigned DEFAULT '1' COMMENT '订单状态 1=正常 2=完成 3=取消',
  `payment_code` varchar(20) DEFAULT NULL COMMENT '支付方式代码',
  `payment_time` bigint(12) NOT NULL COMMENT '支付时间',
  `logistics_id` varchar(20) DEFAULT NULL COMMENT '配送方式ID 关联ship.id',
  `logistics_name` varchar(50) DEFAULT NULL COMMENT '配送方式名称',
  `cost_freight` decimal(6,2) unsigned DEFAULT '0.00' COMMENT '配送费用',
  `user_id` int(10) unsigned DEFAULT NULL COMMENT '用户ID 关联user.id',
  `seller_id` int(10) unsigned DEFAULT NULL COMMENT '店铺ID 关联seller.id',
  `confirm` tinyint(1) unsigned DEFAULT '1' COMMENT '售后状态 1=未确认收货 2=已确认收货',
  `confirm_time` bigint(12) unsigned DEFAULT NULL COMMENT '确认收货时间',
  `ship_area_id` int(10) unsigned DEFAULT '0' COMMENT '收货地区ID',
  `ship_address` varchar(200) DEFAULT NULL COMMENT '收货详细地址',
  `ship_name` varchar(50) DEFAULT NULL COMMENT '收货人姓名',
  `ship_mobile` char(15) DEFAULT NULL COMMENT '收货电话',
  `weight` double(10,2) unsigned DEFAULT '0.00' COMMENT '商品总重量',
  `tax_type` tinyint(1) unsigned DEFAULT '1' COMMENT '是否开发票 1=不发票 2=个人发票 3=公司发票',
  `tax_content` varchar(255) DEFAULT '商品详情' COMMENT '发票内容',
  `tax_code` varchar(50) DEFAULT NULL COMMENT '税号',
  `tax_title` varchar(50) DEFAULT NULL COMMENT '发票抬头',
  `order_pmt` decimal(10,2) unsigned DEFAULT '0.00' COMMENT '订单优惠金额',
  `goods_pmt` decimal(10,2) unsigned DEFAULT '0.00' COMMENT '商品优惠金额',
  `coupon_pmt` decimal(10,2) unsigned DEFAULT '0.00' COMMENT '优惠券优惠额度',
  `coupon` varchar(5000) DEFAULT NULL COMMENT '优惠券信息',
  `promotion_list` varchar(255) DEFAULT NULL COMMENT '优惠信息',
  `memo` varchar(255) DEFAULT NULL COMMENT '买家备注',
  `ip` varchar(50) DEFAULT NULL COMMENT '下单IP',
  `mark` varchar(255) DEFAULT NULL COMMENT '卖家备注',
  `source` tinyint(3) unsigned NOT NULL DEFAULT '1' COMMENT '订单来源 1=PC页面 2=H5页面 3=微信小程序',
  `is_comment` tinyint(1) unsigned NOT NULL DEFAULT '1' COMMENT '是否评论，1未评论，2已评论',
  `ctime` bigint(12) unsigned DEFAULT NULL COMMENT '创建时间',
  `utime` bigint(12) unsigned DEFAULT NULL COMMENT '更新时间',
  `isdel` bigint(12) unsigned DEFAULT NULL COMMENT '删除标志 有数据表示删除'
) ENGINE=InnoDB DEFAULT CHARSET=utf8mb4 COMMENT='订单表';

INSERT INTO `order` (`order_id`, `goods_amount`, `payed`, `order_amount`, `pay_status`, `ship_status`, `status`, `payment_code`, `payment_time`, `logistics_id`, `logistics_name`, `cost_freight`, `user_id`, `seller_id`, `confirm`, `confirm_time`, `ship_area_id`, `ship_address`, `ship_name`, `ship_mobile`, `weight`, `tax_type`, `tax_content`, `tax_code`, `tax_title`, `order_pmt`, `goods_pmt`, `coupon_pmt`, `coupon`, `promotion_list`, `memo`, `ip`, `mark`, `source`, `is_comment`, `ctime`, `utime`, `isdel`) VALUES
  ('15378660674172', '450.00', '0.00', '450.00', 1, 1, 3, NULL, 0, NULL, NULL, '0.00', 1, NULL, 1, NULL, 440105, '新港中路397号', '张三', '020-81167888', 400.00, 1, '商品详情', NULL, NULL, '0.00', '0.00', '0.00', '[]', NULL, '', '223.88.55.117', NULL, 1, 1, 1537866067, 1537947753, NULL),
  ('15379429984146', '0.10', '0.10', '0.10', 5, 1, 2, 'wechatpay', 1537943035, NULL, NULL, '0.00', 1, NULL, 1, NULL, 440105, '新港中路397号', '张三', '020-81167888', 400.00, 1, '商品详情', NULL, NULL, '0.00', '0.00', '0.00', '[]', NULL, '', '223.88.55.117', NULL, 1, 1, 1537942998, 1537942998, NULL),
  ('15379473874089', '0.10', '0.10', '0.10', 2, 1, 1, 'wechatpay', 1537947543, NULL, NULL, '0.00', 1, NULL, 1, NULL, 440105, '新港中路397号', '张三', '020-81167888', 400.00, 1, '商品详情', NULL, NULL, '0.00', '0.00', '0.00', '[]', NULL, '', '223.88.55.117', NULL, 1, 1, 1537947387, 1537947387, NULL),
  ('15379491106204', '450.00', '0.00', '450.00', 1, 1, 1, NULL, 0, NULL, NULL, '0.00', 2, NULL, 1, NULL, 110101, '测试地址', '周天宇', '13233214433', 400.00, 1, '商品详情', NULL, NULL, '0.00', '0.00', '0.00', '[]', NULL, '', '223.88.55.117', NULL, 1, 1, 1537949110, 1537949110, NULL),
  ('15379497406979', '0.10', '0.10', '0.10', 2, 3, 1, 'wechatpay', 1537949750, NULL, NULL, '0.00', 1, NULL, 2, 1538021248, 440105, '新港中路397号', '张三', '020-81167888', 400.00, 1, '商品详情', NULL, NULL, '0.00', '0.00', '0.00', '[]', NULL, '', '117.136.104.195', NULL, 1, 1, 1537949740, 1538021248, NULL),
  ('15379531244507', '450.00', '0.00', '450.00', 1, 1, 1, NULL, 0, NULL, NULL, '0.00', 1, NULL, 1, NULL, 440105, '新港中路397号', '张三', '020-81167888', 400.00, 1, '商品详情', NULL, NULL, '0.00', '0.00', '0.00', '[]', NULL, '', '223.88.55.117', NULL, 1, 1, 1537953124, 1537953124, NULL),
  ('15379531879445', '450.00', '0.00', '450.00', 1, 1, 1, NULL, 0, NULL, NULL, '0.00', 1, NULL, 1, NULL, 440105, '新港中路397号', '张三', '020-81167888', 400.00, 1, '商品详情', NULL, NULL, '0.00', '0.00', '0.00', '[]', NULL, '', '223.88.55.117', NULL, 1, 1, 1537953187, 1537953187, NULL),
  ('15379534034009', '0.10', '0.10', '0.10', 2, 3, 1, 'alipay', 1538018897, NULL, NULL, '0.00', 1, NULL, 2, 1538019605, 440105, '新港中路397号', '张三', '020-81167888', 400.00, 1, '商品详情', NULL, NULL, '0.00', '0.00', '0.00', '[]', NULL, '', '223.88.55.117', NULL, 1, 2, 1537953403, 1538020716, NULL),
  ('15380213346461', '450.10', '450.10', '450.10', 2, 3, 1, 'offline', 1538021348, NULL, NULL, '0.00', 1, NULL, 2, 1538021369, 440105, '新港中路397号', '张三', '020-81167888', 800.00, 1, '商品详情', NULL, NULL, '0.00', '0.00', '0.00', '[]', NULL, '', '223.88.55.133', NULL, 1, 2, 1538021334, 1538045387, NULL);

DROP TABLE IF EXISTS `order_items`;
CREATE TABLE IF NOT EXISTS `order_items` (
  `id` int(10) unsigned NOT NULL,
  `order_id` varchar(20) NOT NULL COMMENT '订单ID 关联order.id',
  `goods_id` int(10) unsigned DEFAULT NULL COMMENT '商品ID 关联goods.id',
  `product_id` int(10) unsigned DEFAULT NULL COMMENT '货品ID 关联products.id',
  `sn` varchar(30) DEFAULT NULL COMMENT '货品编码',
  `bn` varchar(30) DEFAULT NULL COMMENT '商品编码',
  `name` varchar(200) DEFAULT NULL COMMENT '商品名称',
  `price` decimal(10,2) unsigned DEFAULT NULL COMMENT '货品价格单价',
  `costprice` decimal(10,2) unsigned DEFAULT NULL COMMENT '货品成本价单价',
  `mktprice` decimal(10,2) unsigned NOT NULL DEFAULT '0.00' COMMENT '市场价',
  `image_url` varchar(100) NOT NULL COMMENT '图片',
  `nums` smallint(5) unsigned DEFAULT NULL COMMENT '数量',
  `amount` decimal(10,2) unsigned DEFAULT NULL COMMENT '总价',
  `promotion_amount` decimal(10,2) unsigned NOT NULL DEFAULT '0.00' COMMENT '商品优惠总金额',
  `promotion_list` varchar(255) NOT NULL COMMENT '促销信息',
  `weight` decimal(10,2) DEFAULT NULL COMMENT '总重量',
  `sendnums` smallint(5) unsigned DEFAULT NULL COMMENT '发货数量',
  `addon` text COMMENT '货品明细序列号存储',
  `utime` bigint(12) unsigned DEFAULT NULL COMMENT '更新时间'
) ENGINE=InnoDB AUTO_INCREMENT=11 DEFAULT CHARSET=utf8mb4 COMMENT='订单明细表';

INSERT INTO `order_items` (`id`, `order_id`, `goods_id`, `product_id`, `sn`, `bn`, `name`, `price`, `costprice`, `mktprice`, `image_url`, `nums`, `amount`, `promotion_amount`, `promotion_list`, `weight`, `sendnums`, `addon`, `utime`) VALUES
  (1, '15378660674172', 1, 7, 'P5378659179993', '118336505', 'DKCHENPIN2018秋新款天丝中长款修身风衣外套女', '450.00', NULL, '0.00', 'http://b2c.jihainet.com/static/uploads/b7/03/ed/5ba9e78922087.jpg', 1, '450.00', '0.00', '[]', '400.00', 0, '颜色:红色,规格:规格3', 1537866067),
  (2, '15379429984146', 1, 2, 'P5378659179512', '118336505', 'DKCHENPIN2018秋新款天丝中长款修身风衣外套女', '0.10', NULL, '600.00', 'http://b2c.jihainet.com/static/uploads/b7/03/ed/5ba9e78922087.jpg', 1, '0.10', '0.00', '[]', '400.00', 0, '颜色:白色,规格:规格1', 1537942998),
  (3, '15379473874089', 1, 2, 'P5378659179512', '118336505', 'DKCHENPIN2018秋新款天丝中长款修身风衣外套女', '0.10', NULL, '600.00', 'http://b2c.jihainet.com/static/uploads/b7/03/ed/5ba9e78922087.jpg', 1, '0.10', '0.00', '[]', '400.00', 0, '颜色:白色,规格:规格1', 1537947387),
  (4, '15379491106204', 1, 1, 'P5378659179491', '118336505', 'DKCHENPIN2018秋新款天丝中长款修身风衣外套女', '450.00', NULL, '600.00', 'http://b2c.jihainet.com/static/uploads/b7/03/ed/5ba9e78922087.jpg', 1, '450.00', '0.00', '[]', '400.00', 0, '颜色:红色,规格:规格1', 1537949110),
  (5, '15379497406979', 1, 2, 'P5378659179512', '118336505', 'DKCHENPIN2018秋新款天丝中长款修身风衣外套女', '0.10', NULL, '600.00', 'http://b2c.jihainet.com/static/uploads/b7/03/ed/5ba9e78922087.jpg', 1, '0.10', '0.00', '[]', '400.00', 1, '颜色:白色,规格:规格1', 1537949740),
  (6, '15379531244507', 1, 1, 'P5378659179491', '118336505', 'DKCHENPIN2018秋新款天丝中长款修身风衣外套女', '450.00', NULL, '600.00', 'http://b2c.jihainet.com/static/uploads/b7/03/ed/5ba9e78922087.jpg', 1, '450.00', '0.00', '[]', '400.00', 0, '颜色:红色,规格:规格1', 1537953124),
  (7, '15379531879445', 1, 1, 'P5378659179491', '118336505', 'DKCHENPIN2018秋新款天丝中长款修身风衣外套女', '450.00', NULL, '600.00', 'http://b2c.jihainet.com/static/uploads/b7/03/ed/5ba9e78922087.jpg', 1, '450.00', '0.00', '[]', '400.00', 0, '颜色:红色,规格:规格1', 1537953187),
  (8, '15379534034009', 1, 2, 'P5378659179512', '118336505', 'DKCHENPIN2018秋新款天丝中长款修身风衣外套女', '0.10', NULL, '600.00', 'http://b2c.jihainet.com/static/uploads/b7/03/ed/5ba9e78922087.jpg', 1, '0.10', '0.00', '[]', '400.00', 1, '颜色:白色,规格:规格1', 1537953403),
  (9, '15380213346461', 1, 1, 'P5378659179491', '118336505', 'DKCHENPIN2018秋新款天丝中长款修身风衣外套女', '450.00', NULL, '600.00', 'http://b2c.jihainet.com/static/uploads/b7/03/ed/5ba9e78922087.jpg', 1, '450.00', '0.00', '[]', '400.00', 1, '颜色:红色,规格:规格1', 1538021334),
  (10, '15380213346461', 1, 2, 'P5378659179512', '118336505', 'DKCHENPIN2018秋新款天丝中长款修身风衣外套女', '0.10', NULL, '600.00', 'http://b2c.jihainet.com/static/uploads/b7/03/ed/5ba9e78922087.jpg', 1, '0.10', '0.00', '[]', '400.00', 1, '颜色:白色,规格:规格1', 1538021334);

DROP TABLE IF EXISTS `order_log`;
CREATE TABLE IF NOT EXISTS `order_log` (
  `id` int(10) unsigned NOT NULL COMMENT 'ID',
  `order_id` varchar(20) DEFAULT NULL COMMENT '订单ID',
  `user_id` int(10) unsigned DEFAULT NULL COMMENT '用户ID',
  `type` tinyint(2) unsigned DEFAULT '1' COMMENT '类型',
  `msg` varchar(100) DEFAULT NULL COMMENT '描述介绍',
  `data` varchar(1000) DEFAULT NULL COMMENT '请求的数据json',
  `ctime` bigint(12) unsigned DEFAULT NULL COMMENT '创建时间'
) ENGINE=InnoDB AUTO_INCREMENT=29 DEFAULT CHARSET=utf8mb4 COMMENT='订单记录表';

INSERT INTO `order_log` (`id`, `order_id`, `user_id`, `type`, `msg`, `data`, `ctime`) VALUES
  (1, '15378660674172', 1, 1, '订单创建', '{"order_id":"15378660674172","goods_amount":450,"order_amount":450,"cost_freight":"0.00","user_id":1,"ship_area_id":440105,"ship_address":"\\u65b0\\u6e2f\\u4e2d\\u8def397\\u53f7","ship_name":"\\u5f20\\u4e09","ship_mobile":"020-81167888","logistics_id":null,"weight":400,"order_pmt":0,"goods_pmt":0,"coupon_pmt":0,"coupon":"[]","memo":"","ip":"223.88.55.117"}', 1537866067),
  (2, '15379429984146', 1, 1, '订单创建', '{"order_id":"15379429984146","goods_amount":0.1,"order_amount":0.1,"cost_freight":"0.00","user_id":1,"ship_area_id":440105,"ship_address":"\\u65b0\\u6e2f\\u4e2d\\u8def397\\u53f7","ship_name":"\\u5f20\\u4e09","ship_mobile":"020-81167888","logistics_id":null,"weight":400,"order_pmt":0,"goods_pmt":0,"coupon_pmt":0,"coupon":"[]","memo":"","ip":"223.88.55.117"}', 1537942998),
  (3, '15379429984146', 1, NULL, '2', '"\\u8ba2\\u5355\\u652f\\u4ed8\\u6210\\u529f"', 1537943035),
  (4, '15379473874089', 1, 1, '订单创建', '{"order_id":"15379473874089","goods_amount":0.1,"order_amount":0.1,"cost_freight":"0.00","user_id":1,"ship_area_id":440105,"ship_address":"\\u65b0\\u6e2f\\u4e2d\\u8def397\\u53f7","ship_name":"\\u5f20\\u4e09","ship_mobile":"020-81167888","logistics_id":null,"weight":400,"order_pmt":0,"goods_pmt":0,"coupon_pmt":0,"coupon":"[]","memo":"","ip":"223.88.55.117"}', 1537947387),
  (5, '15379473874089', 1, NULL, '2', '"\\u8ba2\\u5355\\u652f\\u4ed8\\u6210\\u529f"', 1537947543),
  (6, '15378660674172', 1, 7, '订单取消操作', '[["order_id","in","15378660674172"],["pay_status","eq",1],["status","eq",1],["ship_status","eq",1]]', 1537947753),
  (7, '15379491106204', 2, 1, '订单创建', '{"order_id":"15379491106204","goods_amount":450,"order_amount":450,"cost_freight":"0.00","user_id":2,"ship_area_id":110101,"ship_address":"\\u6d4b\\u8bd5\\u5730\\u5740","ship_name":"\\u5468\\u5929\\u5b87","ship_mobile":"13233214433","logistics_id":null,"weight":400,"order_pmt":0,"goods_pmt":0,"coupon_pmt":0,"coupon":"[]","memo":"","ip":"223.88.55.117"}', 1537949110),
  (8, '15379497406979', 1, 1, '订单创建', '{"order_id":"15379497406979","goods_amount":0.1,"order_amount":0.1,"cost_freight":"0.00","user_id":1,"ship_area_id":440105,"ship_address":"\\u65b0\\u6e2f\\u4e2d\\u8def397\\u53f7","ship_name":"\\u5f20\\u4e09","ship_mobile":"020-81167888","logistics_id":null,"weight":400,"order_pmt":0,"goods_pmt":0,"coupon_pmt":0,"coupon":"[]","memo":"","ip":"117.136.104.195"}', 1537949740),
  (9, '15379497406979', 1, NULL, '2', '"\\u8ba2\\u5355\\u652f\\u4ed8\\u6210\\u529f"', 1537949750),
  (10, '15379531244507', 1, 1, '订单创建', '{"order_id":"15379531244507","goods_amount":450,"order_amount":450,"cost_freight":"0.00","user_id":1,"ship_area_id":440105,"ship_address":"\\u65b0\\u6e2f\\u4e2d\\u8def397\\u53f7","ship_name":"\\u5f20\\u4e09","ship_mobile":"020-81167888","logistics_id":null,"weight":400,"order_pmt":0,"goods_pmt":0,"coupon_pmt":0,"coupon":"[]","memo":"","ip":"223.88.55.117"}', 1537953124),
  (11, '15379531879445', 1, 1, '订单创建', '{"order_id":"15379531879445","goods_amount":450,"order_amount":450,"cost_freight":"0.00","user_id":1,"ship_area_id":440105,"ship_address":"\\u65b0\\u6e2f\\u4e2d\\u8def397\\u53f7","ship_name":"\\u5f20\\u4e09","ship_mobile":"020-81167888","logistics_id":null,"weight":400,"order_pmt":0,"goods_pmt":0,"coupon_pmt":0,"coupon":"[]","memo":"","ip":"223.88.55.117"}', 1537953187),
  (12, '15379534034009', 1, 1, '订单创建', '{"order_id":"15379534034009","goods_amount":0.1,"order_amount":0.1,"cost_freight":"0.00","user_id":1,"ship_area_id":440105,"ship_address":"\\u65b0\\u6e2f\\u4e2d\\u8def397\\u53f7","ship_name":"\\u5f20\\u4e09","ship_mobile":"020-81167888","logistics_id":null,"weight":400,"order_pmt":0,"goods_pmt":0,"coupon_pmt":0,"coupon":"[]","memo":"","ip":"223.88.55.117"}', 1537953403),
  (13, '15379534034009', 1, NULL, '2', '"\\u8ba2\\u5355\\u652f\\u4ed8\\u6210\\u529f"', 1538018897),
  (14, '15379534034009', 1, NULL, '2', '"\\u8ba2\\u5355\\u652f\\u4ed8\\u5931\\u8d25\\uff0c\\u8be5\\u8ba2\\u5355\\u5df2\\u652f\\u4ed8"', 1538019225),
  (15, '15379534034009', 1, 3, '订单发货操作', '["15379534034009","sf","836198574698","",[["8","1"]]]', 1538019542),
  (16, '15379534034009', 1, 4, '确认签收操作', '[["order_id","eq","15379534034009"],["pay_status","neq",1],["ship_status","neq",1],["status","eq",1],["confirm","neq",2],["user_id","eq",1]]', 1538019605),
  (17, '15379497406979', 1, 3, '订单发货操作', '["15379497406979","sf","89987879","",[["5","1"]]]', 1538021179),
  (18, '15379497406979', 1, 4, '确认签收操作', '[["order_id","eq","15379497406979"],["pay_status","neq",1],["ship_status","neq",1],["status","eq",1],["confirm","neq",2],["user_id","eq",1]]', 1538021248),
  (19, '15380213346461', 1, 1, '订单创建', '{"order_id":"15380213346461","goods_amount":450.1,"order_amount":450.1,"cost_freight":"0.00","user_id":1,"ship_area_id":440105,"ship_address":"\\u65b0\\u6e2f\\u4e2d\\u8def397\\u53f7","ship_name":"\\u5f20\\u4e09","ship_mobile":"020-81167888","logistics_id":null,"weight":800,"order_pmt":0,"goods_pmt":0,"coupon_pmt":0,"coupon":"[]","memo":"","ip":"223.88.55.133"}', 1538021334),
  (20, '15380213346461', 1, NULL, '2', '"\\u8ba2\\u5355\\u652f\\u4ed8\\u6210\\u529f"', 1538021348),
  (21, '15380213346461', 1, 3, '订单发货操作', '["15380213346461","sf","yujghgjhgjghyj","",[["9","1"],["10","1"]]]', 1538021359),
  (22, '15380213346461', 1, 4, '确认签收操作', '[["order_id","eq","15380213346461"],["pay_status","neq",1],["ship_status","neq",1],["status","eq",1],["confirm","neq",2],["user_id","eq",1]]', 1538021369),
  (23, '15379534034009', 1, NULL, '2', '"\\u8ba2\\u5355\\u652f\\u4ed8\\u5931\\u8d25\\uff0c\\u8be5\\u8ba2\\u5355\\u5df2\\u652f\\u4ed8"', 1538025285),
  (24, '15379534034009', 1, NULL, '2', '"\\u8ba2\\u5355\\u652f\\u4ed8\\u5931\\u8d25\\uff0c\\u8be5\\u8ba2\\u5355\\u5df2\\u652f\\u4ed8"', 1538041276),
  (25, '15379534034009', 1, NULL, '2', '"\\u8ba2\\u5355\\u652f\\u4ed8\\u5931\\u8d25\\uff0c\\u8be5\\u8ba2\\u5355\\u5df2\\u652f\\u4ed8"', 1538041727),
  (26, '15379534034009', 1, NULL, '2', '"\\u8ba2\\u5355\\u652f\\u4ed8\\u5931\\u8d25\\uff0c\\u8be5\\u8ba2\\u5355\\u5df2\\u652f\\u4ed8"', 1538044425),
  (27, '15379534034009', 1, NULL, '2', '"\\u8ba2\\u5355\\u652f\\u4ed8\\u5931\\u8d25\\uff0c\\u8be5\\u8ba2\\u5355\\u5df2\\u652f\\u4ed8"', 1538044874),
  (28, '15379534034009', 1, NULL, '2', '"\\u8ba2\\u5355\\u652f\\u4ed8\\u5931\\u8d25\\uff0c\\u8be5\\u8ba2\\u5355\\u5df2\\u652f\\u4ed8"', 1538045367);

DROP TABLE IF EXISTS `payments`;
CREATE TABLE IF NOT EXISTS `payments` (
  `id` smallint(5) unsigned NOT NULL,
  `code` varchar(50) DEFAULT NULL COMMENT '支付类型编码',
  `name` varchar(50) DEFAULT NULL COMMENT '支付类型名称',
  `is_online` tinyint(1) unsigned DEFAULT '1' COMMENT '是否线上支付 1=线上支付 2=线下支付',
  `params` text NOT NULL COMMENT '参数',
  `sort` smallint(5) unsigned NOT NULL DEFAULT '100' COMMENT '排序',
  `memo` varchar(200) NOT NULL COMMENT '支付方式描述',
  `status` smallint(1) unsigned NOT NULL DEFAULT '2' COMMENT '启用状态 1=启用 2=停用'
) ENGINE=InnoDB AUTO_INCREMENT=4 DEFAULT CHARSET=utf8mb4 COMMENT='支付方式表';

INSERT INTO `payments` (`id`, `code`, `name`, `is_online`, `params`, `sort`, `memo`, `status`) VALUES
  (1, 'wechatpay', '微信支付', 1, '{"appid":"wxd9d17d7370b11efd","mch_id":"1497851492","key":"12345678901234567890123456789012","sslcert":"5bab26b2a878a.pem","sslkey":"5bab26b675d71.pem"}', 222, '点击去微信支付', 1),
  (2, 'alipay', '支付宝支付', 1, '{"appid":"2018060560313727","rsa_private_key":"MIIEowIBAAKCAQEA18Km\\/YKsi6vcwLHYarzlILEuXEkYzDXX8JCTM9\\/4wJNKY+X4kq0HskiAu1eOhMUFRGCM3jb6xpSKL47kjkR6gf4aM+er2pHBWyzNiBWaWJtLMr31HGBquGhbcV28aCCMrA81WVy6TJolzGg+FeHrwPngoLormkCgeG9TMywPjqXDZgsrmO5yz9jvQWkHc0NsnvhZGqBw8sDD5P6ZP\\/yoVM\\/5ny3TNKDB6gAuu\\/aProSLVlptn982vblmL6fcWTfxbXg\\/Kc7JWDj908ChloJZlIuPmMP+yb2btuuv3R9sExFY25lZF7GU\\/+FP13rRQVc6E\\/v\\/SUl4WuNU+8qg5Pq7HQIDAQABAoIBADzfZDG9\\/mRhlqSfCIoExThWBNhwnxhuUIBEqeNG222poKFSrrDjNHquTfONHl6DH5tNCjFfnZ0NJ3eHfyBMXavzPv1J7Yh6+ux4VXyBa8x3891bDp507Wcduj7fzVorZMTefZS6vq0CCIwFFQ8jcFo\\/pYpzO\\/4HIb8Y2YZkdfcudLFFzBeypTn91f5y49Tb1iAENPUoV\\/HRiUhG7b9Tjs0tMJq47niGkrWb6IuOMAcFS1qtfIM1jBhAj8ftMqMc6KKXdt04qAjSRFxi3T8pH8I7EukPwBQsiSxNZETg53Sc+gm44WbaX7BLbgB+132mVuxSRLsWrMLlOUEApriXWlkCgYEA72bJapc76Uw7UgQ9oLQT7GBQV2kY0Rj8F7poZVIBL91BMMCIxgQ6MMma8S+FgSPP\\/jyNCc5+32cyEyt7QR74aNtKuE70GTLW2EY8WgpqvAtdj+M\\/rVmk2VbVNHog9OPoB6vZknevgCa\\/+c6zSx2JnOOXhrxZa06Su09UpU3Lj2sCgYEA5rhAUqOC5X5eEHvEDlWFzI\\/seNroxo9XzixM9fRVRQH0qVvlXEDctK3GfOJwSYiqYi5BCYloU2GKV5QYvo52MsO+IoWvOVxDFs\\/1EYzVsuwGFLJZ2kImQPALLSES87c6K\\/XrGJ7nUySSXXvu32FHXKILynfmqnmxbrHVjAkTKZcCgYB0o0WasxgzcDqumPZVp6bVUY+TJtc6eMvJ274lLzD42vl6ATQiFcksH+1neNm4s3QQz\\/t\\/PaY+vg59nH+umKI6pCzhY0Y2SLi4InAhBlY+S+NHyVYq5TQV1+KEcMRBzBAuPKICZGGTNE3wLa7Y+Akl8RTQRk\\/ioiOHMv1wlFiLBQKBgQC9YtlJ\\/HZiM4y7Mx0INyORe0K9IdSZyOhmkO7LpjioYKaYrppjU8rXdR3NPYK2mbxiw10XmvdMGnEY2rRFF2Pm386fP+VJzHY1r5aXRWfVavDC5HPlOQ91lpVWAiQwcmMJ2t+UYju4f\\/i1TBoUuyF85HeRR0LNBP+kwc1tGbXlGQKBgAnlO8bPx3viY8pLNMsgclorGVX1j\\/glCeygvTjS1L3cXAa8u4gdSxdLa6Qw3eJh3inDNL4IZk1Hz4OcZZVTKSONvv8HS6sUs+S0sJPlSPzktVoX89TpK9Ygwj6pPCt2oQfuclMRzVL\\/akR3DJupjE+ic\\/z3wowMR5oWftIUQ7Qj","alipay_public_key":"MIIBIjANBgkqhkiG9w0BAQEFAAOCAQ8AMIIBCgKCAQEAqGO790Hr8q9fqr7E\\/5Xvium3\\/\\/yfZIK+DiAXoQFLqSHqBGn79QJV0mFwjO3XWHN3ycAs3jv3jv1tdqCZlaUuUGTZuU6U+FRiQKOy7FVLJiiPDBhlVra6avxzWEOVcr7XlMn5nqeVvkmsIdXxdS+mQviS2Reaj4zcyv4bBxHNqlcgiGOKpQiSdh+N552CWW3hQUPFNWNXwTUb\\/fHYQ8DUUpvrH7mxAdCnrFIOlggaoqiGI8DtSOqOTgWGJ1n40\\/47xXZ+ipYKFtmI2IbGO+ygIyzcV\\/AkexnNWasblwwoZcnZmCEGVPJC9ssAtPy7pC9FTWDZZQ2I3UeqnDnP9ENTGwIDAQAB"}', 100, '点击去支付宝支付', 1),
  (3, 'offline', '线下支付', 2, '', 100, '联系客服进行线下付款', 1);

DROP TABLE IF EXISTS `products`;
CREATE TABLE IF NOT EXISTS `products` (
  `id` int(10) unsigned NOT NULL COMMENT '货品ID',
  `goods_id` int(10) unsigned DEFAULT NULL COMMENT '商品id 关联goods.id',
  `barcode` varchar(128) DEFAULT NULL COMMENT '货品条码',
  `sn` varchar(30) DEFAULT NULL COMMENT '商品编码',
  `price` decimal(10,2) DEFAULT NULL COMMENT '货品价格',
  `costprice` decimal(10,2) DEFAULT NULL COMMENT '货品成本价',
  `mktprice` decimal(10,2) DEFAULT NULL COMMENT '货品市场价',
  `marketable` tinyint(1) unsigned DEFAULT NULL COMMENT '上架标志 1=上架 2=下架',
  `stock` int(11) DEFAULT '0' COMMENT '库存',
  `freeze_stock` int(11) DEFAULT '0' COMMENT '冻结库存',
  `spes_desc` text COMMENT '规格值逗号分隔存储',
  `is_defalut` tinyint(1) unsigned DEFAULT '2' COMMENT '是否默认货品 1=是 2=否',
  `isdel` bigint(12) unsigned DEFAULT NULL COMMENT '删除标志'
) ENGINE=InnoDB AUTO_INCREMENT=23 DEFAULT CHARSET=utf8mb4 COMMENT='货品表';

INSERT INTO `products` (`id`, `goods_id`, `barcode`, `sn`, `price`, `costprice`, `mktprice`, `marketable`, `stock`, `freeze_stock`, `spes_desc`, `is_defalut`, `isdel`) VALUES
  (1, 1, NULL, 'P5378659179491', '450.00', '0.00', '600.00', 1, 199, 3, '颜色:红色,规格:规格1', 1, NULL),
  (2, 1, NULL, 'P5378659179512', '0.10', '0.00', '600.00', 2, 197, 2, '颜色:白色,规格:规格1', 2, NULL),
  (3, 1, NULL, 'P5378659179940', '450.00', '0.00', '0.00', 2, 200, 0, '颜色:蓝色,规格:规格1', 2, NULL),
  (4, 1, NULL, 'P5378659179961', '450.00', '0.00', '0.00', 2, 200, 0, '颜色:白色,规格:规格2', 2, NULL),
  (5, 1, NULL, 'P5378659179972', '450.00', '0.00', '0.00', 2, 200, 0, '颜色:绿色,规格:规格2', 2, NULL),
  (6, 1, NULL, 'P5378659179981', '450.00', '0.00', '0.00', 2, 200, 0, '颜色:蓝色,规格:规格2', 2, NULL),
  (7, 1, NULL, 'P5378659179993', '450.00', '0.00', '0.00', 2, 196, 0, '颜色:红色,规格:规格3', 2, NULL),
  (8, 1, NULL, 'P5378659180005', '450.00', '0.00', '0.00', 2, 200, 0, '颜色:白色,规格:规格3', 2, NULL),
  (9, 1, NULL, 'P5378659180001', '450.00', '0.00', '0.00', 2, 200, 0, '颜色:绿色,规格:规格3', 2, NULL),
  (10, 1, NULL, 'P5378659180011', '450.00', '0.00', '0.00', 2, 200, 0, '颜色:蓝色,规格:规格3', 2, NULL),
  (11, 1, NULL, 'P5378659180024', '450.00', '0.00', '0.00', 2, 200, 0, '颜色:红色,规格:规格4', 2, NULL),
  (12, 1, NULL, 'P5378659180035', '450.00', '0.00', '0.00', 2, 200, 0, '颜色:白色,规格:规格4', 2, NULL),
  (13, 1, NULL, 'P5378659180105', '450.00', '0.00', '0.00', 2, 200, 0, '颜色:绿色,规格:规格4', 2, NULL),
  (14, 1, NULL, 'P5378659180100', '450.00', '0.00', '0.00', 2, 200, 0, '颜色:蓝色,规格:规格4', 2, NULL),
  (22, 1, NULL, 'P5379429769422', '0.00', '0.00', '0.00', 1, 0, 0, 'id', 2, NULL);

DROP TABLE IF EXISTS `promotion`;
CREATE TABLE IF NOT EXISTS `promotion` (
  `id` int(10) unsigned NOT NULL,
  `name` varchar(40) NOT NULL COMMENT '促销名称',
  `status` tinyint(1) unsigned NOT NULL DEFAULT '1' COMMENT '启用状态，1开启，2关闭',
  `type` smallint(1) unsigned NOT NULL DEFAULT '1' COMMENT '类型：1促销，2优惠券',
  `sort` smallint(5) unsigned NOT NULL DEFAULT '100' COMMENT '排序',
  `exclusive` tinyint(1) unsigned NOT NULL DEFAULT '1' COMMENT '排他，1不排他，2排他',
  `auto_receive` smallint(1) unsigned NOT NULL DEFAULT '1' COMMENT '当时优惠券的时候，自动是否自动领取，1自动领取，2不自动领取',
  `stime` bigint(12) unsigned NOT NULL COMMENT '开始时间',
  `etime` bigint(12) unsigned NOT NULL COMMENT '结束时间',
  `isdel` bigint(12) unsigned DEFAULT NULL
) ENGINE=InnoDB DEFAULT CHARSET=utf8mb4 COMMENT='促销表';

DROP TABLE IF EXISTS `promotion_condition`;
CREATE TABLE IF NOT EXISTS `promotion_condition` (
  `id` int(11) NOT NULL,
  `promotion_id` int(10) unsigned DEFAULT NULL COMMENT '促销ID',
  `code` varchar(50) DEFAULT NULL COMMENT '促销条件编码',
  `params` text COMMENT '支付配置参数序列号存储'
) ENGINE=InnoDB AUTO_INCREMENT=10016 DEFAULT CHARSET=utf8mb4 COMMENT='促销条件表';

DROP TABLE IF EXISTS `promotion_result`;
CREATE TABLE IF NOT EXISTS `promotion_result` (
  `id` int(11) NOT NULL,
  `promotion_id` int(10) unsigned DEFAULT NULL COMMENT '促销ID',
  `code` varchar(50) DEFAULT NULL COMMENT '促销条件编码',
  `params` text COMMENT '支付配置参数序列号存储'
) ENGINE=InnoDB AUTO_INCREMENT=10011 DEFAULT CHARSET=utf8mb4 COMMENT='促销结果表';

DROP TABLE IF EXISTS `role`;
CREATE TABLE IF NOT EXISTS `role` (
  `id` int(10) unsigned NOT NULL,
  `name` varchar(50) DEFAULT NULL COMMENT '角色名称',
  `utime` bigint(12) unsigned DEFAULT NULL COMMENT '更新时间'
) ENGINE=InnoDB DEFAULT CHARSET=utf8mb4 COMMENT='角色表';

DROP TABLE IF EXISTS `role_operation_rel`;
CREATE TABLE IF NOT EXISTS `role_operation_rel` (
  `role_id` int(10) unsigned NOT NULL COMMENT '角色ID 关联role.id',
  `operation_id` int(10) unsigned DEFAULT NULL COMMENT '权限ID 关联operation.id'
) ENGINE=InnoDB DEFAULT CHARSET=utf8mb4 COMMENT='角色权限表';

DROP TABLE IF EXISTS `setting`;
CREATE TABLE IF NOT EXISTS `setting` (
  `skey` varchar(50) NOT NULL DEFAULT '' COMMENT '键',
  `value` text COMMENT '值'
) ENGINE=InnoDB DEFAULT CHARSET=utf8mb4 COMMENT='店铺设置表';

INSERT INTO `setting` (`skey`, `value`) VALUES
  ('wx_appid', 'wxd9d17d7370b11efd'),
  ('wx_app_secret', '172c182d95a872fbd6148f5f1b4901e6'),
  ('wx_head_img', ''),
  ('wx_nick_name', 'JSHOP云商'),
  ('wx_principal_name', '河南吉海网络科技有限公司'),
  ('wx_signature', 'Jshop小程序是一款标准B2C商城小程序'),
  ('wx_user_name', 'gh_03bc4364b4dc');

DROP TABLE IF EXISTS `ship`;
CREATE TABLE IF NOT EXISTS `ship` (
  `id` int(11) unsigned NOT NULL,
  `name` varchar(50) DEFAULT NULL COMMENT '配送方式名称',
  `has_cod` tinyint(1) unsigned DEFAULT '1' COMMENT '是否货到付款 1=不是货到付款 2=是货到付款',
  `firstunit` mediumint(8) unsigned DEFAULT NULL COMMENT '首重',
  `continueunit` mediumint(8) unsigned DEFAULT NULL COMMENT '续重',
  `def_area_fee` tinyint(1) unsigned DEFAULT '1' COMMENT '按地区设置配送费用是否启用默认配送费用 1=启用 2=不启用',
  `type` tinyint(1) unsigned DEFAULT '1' COMMENT '地区类型 1=全部地区 2=指定地区',
  `firstunit_price` decimal(10,2) unsigned DEFAULT NULL COMMENT '首重费用',
  `continueunit_price` decimal(10,2) unsigned DEFAULT NULL COMMENT '续重费用',
  `exp` text COMMENT '配送费用计算表达式',
  `logi_name` varchar(50) DEFAULT NULL COMMENT '物流公司名称',
  `logi_code` varchar(50) DEFAULT NULL COMMENT '物流公司编码',
  `is_def` tinyint(1) unsigned DEFAULT '2' COMMENT '是否默认 1=默认 2=不默认',
  `sort` smallint(5) unsigned DEFAULT '100' COMMENT '配送方式排序 越小越靠前',
  `status` tinyint(1) unsigned DEFAULT '1' COMMENT '状态 1=正常 2=停用',
  `free_postage` tinyint(1) unsigned DEFAULT '2' COMMENT '是否包邮，1包邮，2不包邮',
  `area_fee` text NOT NULL COMMENT '地区配送费用'
) ENGINE=InnoDB AUTO_INCREMENT=10001 DEFAULT CHARSET=utf8mb4 COMMENT='配送方式表';

DROP TABLE IF EXISTS `sms`;
CREATE TABLE IF NOT EXISTS `sms` (
  `id` int(10) unsigned NOT NULL,
  `mobile` varchar(15) NOT NULL COMMENT '手机号码',
  `code` varchar(60) NOT NULL,
  `params` varchar(50) NOT NULL COMMENT '参数',
  `content` varchar(200) NOT NULL COMMENT '内容',
  `ctime` bigint(12) unsigned NOT NULL COMMENT '创建时间',
  `ip` varchar(50) NOT NULL COMMENT 'ip',
  `status` tinyint(1) unsigned NOT NULL DEFAULT '1' COMMENT '1未使用，2已使用'
) ENGINE=InnoDB AUTO_INCREMENT=5 DEFAULT CHARSET=utf8mb4;

INSERT INTO `sms` (`id`, `mobile`, `code`, `params`, `content`, `ctime`, `ip`, `status`) VALUES
  (1, '15237211882', 'login', '{"code":596181}', '您正在登陆账号，验证码是596181，请勿告诉他人。', 1537865641, '223.88.55.117', 2),
  (2, '13233214433', 'reg', '{"code":888459}', '您正在注册账号，验证码是888459，请勿告诉他人。', 1537949040, '223.88.55.117', 2),
  (3, '15237211882', 'login', '{"code":340114}', '您正在登陆账号，验证码是340114，请勿告诉他人。', 1537949518, '117.136.104.195', 2),
  (4, '15237211882', 'login', '{"code":504347}', '您正在登陆账号，验证码是504347，请勿告诉他人。', 1537953168, '223.88.55.117', 2);

DROP TABLE IF EXISTS `store`;
CREATE TABLE IF NOT EXISTS `store` (
  `id` int(11) unsigned NOT NULL COMMENT 'id',
  `seller_id` int(10) unsigned DEFAULT NULL COMMENT '商户id',
  `store_name` varchar(125) DEFAULT NULL COMMENT '门店名称',
  `mobile` varchar(13) DEFAULT NULL COMMENT '门店电话/手机号',
  `linkman` varchar(32) DEFAULT NULL COMMENT '门店联系人',
  `logo` char(32) DEFAULT NULL COMMENT '门店logo',
  `area_id` int(10) unsigned DEFAULT NULL COMMENT '门店地区id',
  `address` varchar(200) DEFAULT NULL COMMENT '门店详细地址',
  `coordinate` varchar(50) DEFAULT NULL,
  `ctime` bigint(12) unsigned DEFAULT NULL COMMENT '创建时间',
  `utime` bigint(12) unsigned DEFAULT NULL COMMENT '更新时间'
) ENGINE=InnoDB AUTO_INCREMENT=5 DEFAULT CHARSET=utf8mb4;

DROP TABLE IF EXISTS `template`;
CREATE TABLE IF NOT EXISTS `template` (
  `id` int(10) NOT NULL,
  `name` varchar(200) DEFAULT NULL COMMENT '模板名称',
  `th_template_id` int(10) unsigned DEFAULT NULL COMMENT '模板ID，第三方平台id',
  `create_time` int(10) unsigned DEFAULT '0' COMMENT '创建时间',
  `user_desc` varchar(200) DEFAULT NULL COMMENT '模板描述',
  `source_appid` varchar(100) DEFAULT NULL COMMENT '模板APPID',
  `developer` varchar(100) DEFAULT NULL COMMENT '模板开发者',
  `version` varchar(100) DEFAULT NULL COMMENT '模板版本，总共3位，第一位表示重大版本升级，第二位表示小版本升级，第三位表示补丁或更新',
  `image_id` char(32) DEFAULT NULL COMMENT '模板主图',
  `desc` text COMMENT '模板需要注意事项',
  `qr_demo` char(32) DEFAULT NULL COMMENT '二维码预览图片',
  `type` tinyint(1) unsigned DEFAULT '1' COMMENT '模板类型，1为小程序',
  `ext_json` text COMMENT '模板增加模板配置字段',
  `ctime` int(10) DEFAULT NULL COMMENT '数据创建时间',
  `utime` int(10) DEFAULT NULL COMMENT '数据更新时间'
) ENGINE=InnoDB AUTO_INCREMENT=2 DEFAULT CHARSET=utf8 COMMENT='模板列表';

INSERT INTO `template` (`id`, `name`, `th_template_id`, `create_time`, `user_desc`, `source_appid`, `developer`, `version`, `image_id`, `desc`, `qr_demo`, `type`, `ext_json`, `ctime`, `utime`) VALUES
  (1, '小程序商城模板1', 12, 1521426178, '发布上线1.0', 'wxd9d17d7370b11efd', 'Jshop云商', '1.0.14', NULL, NULL, NULL, 1, '{\n    "extEnable": true,\n    "extAppid": "{{$appid}}",\n    "directCommit": false,\n      "ext": {\n      "name": "{{$nick_name}}",\n      "attr":{\n        "api_url":"https://jshop.jihainet.com/index.php/api.html",\n        "cdn_url":"",\n        "app_title":"{{$nick_name}}",\n        "app_description":"{{$signature}}",\n        "app_logo":"{{$app_logo}}",\n        "site_token":"{{$site_token}}"\n      }\n    },\n    "pages": [\n	"pages/index/index",\n	"pages/member/order/orderDetail/orderDetail",\n	"pages/goods/classify/classify",\n	"pages/goods/itemList/itemList",\n	"pages/goods/detail/detail",\n	"pages/cart/cartNothing/cart",\n	"pages/member/info/info",\n	"pages/cart/cashierDesk/cashierDesk",\n	"pages/cart/firmOrder/firmOrder",\n	"pages/cart/paySuccess/paySuccess",\n	"pages/member/index/index",\n	"pages/member/order/orderList/orderList",\n	"pages/member/login/level1/level1",\n	"pages/member/login/level2/level2",\n	"pages/member/collect/collect",\n	"pages/member/data/data",\n	"pages/member/coupon/coupon",\n	"pages/member/order/aftersales/add",\n	"pages/member/order/aftersales/edit",\n	"pages/member/browsingHistory/browsingHistory",\n	"pages/member/order/comment/comment",    \n	"pages/other/notice/notice",\n	"pages/other/article/article",\n	"pages/member/order/aftersalesList/aftersalesList"\n    ],\n    "window": {\n	    "backgroundTextStyle":"light",\n	    "navigationBarBackgroundColor": "#fff",\n	    "navigationBarTitleText": "{{$nick_name}}",\n	    "navigationBarTextStyle":"black"\n    },\n    "tabBar": {\n	    "color": "#999",\n	    "selectedColor": "#FF3A59",\n	    "backgroundColor": "#fff",\n      "list": [\n        {\n	"pagePath": "pages/index/index",\n        "text": "首页",\n        "iconPath": "pages/image/dollar6.png",\n        "selectedIconPath": "pages/image/dollar4.png"\n        },\n        {\n          "pagePath": "pages/goods/classify/classify",\n          "text": "全部分类",\n          "iconPath": "pages/image/dollar3.png",\n          "selectedIconPath": "pages/image/dollar7.png"\n        },\n        {\n          "pagePath": "pages/cart/cartNothing/cart",\n          "text": "购物车",\n          "iconPath": "pages/image/dollar2.png",\n          "selectedIconPath": "pages/image/dollar8.png"\n        },\n        {\n          "pagePath": "pages/member/index/index",\n          "text": "个人中心",\n          "iconPath": "pages/image/dollar.png",\n          "selectedIconPath": "pages/image/dollar5.png"\n        }\n      ]\n    },\n    "networkTimeout": {\n	    "request": 10000,\n	    "connectSocket": 10000,\n	    "uploadFile": 10000,\n	    "downloadFile": 10000\n    }\n\n}', 1521432582, 1521432582);

DROP TABLE IF EXISTS `template_order`;
CREATE TABLE IF NOT EXISTS `template_order` (
  `id` int(10) NOT NULL,
  `template_id` int(10) unsigned DEFAULT '0' COMMENT '模板id',
  `appid` varchar(50) DEFAULT NULL COMMENT '商户appid',
  `ctime` bigint(12) unsigned DEFAULT NULL COMMENT '创建时间',
  `utime` bigint(12) unsigned DEFAULT NULL COMMENT '更新时间'
) ENGINE=InnoDB AUTO_INCREMENT=4 DEFAULT CHARSET=utf8 COMMENT='模板订购记录表';

DROP TABLE IF EXISTS `user`;
CREATE TABLE IF NOT EXISTS `user` (
  `id` int(10) unsigned NOT NULL COMMENT '用户ID',
  `username` varchar(20) DEFAULT NULL COMMENT '用户名',
  `password` char(32) DEFAULT NULL COMMENT '密码 md5(md5()+创建时间)',
  `mobile` varchar(15) DEFAULT NULL COMMENT '手机号',
  `sex` tinyint(1) unsigned DEFAULT '3' COMMENT '1=男 2=女 3=未知',
  `birthday` date DEFAULT NULL COMMENT '生日',
  `avatar` varchar(255) DEFAULT NULL COMMENT '头像',
  `nickname` varchar(50) DEFAULT NULL COMMENT '昵称',
  `balance` decimal(10,2) NOT NULL DEFAULT '0.00' COMMENT '余额',
  `point` int(11) unsigned NOT NULL COMMENT '积分',
  `ctime` bigint(12) unsigned DEFAULT NULL,
  `utime` bigint(12) unsigned DEFAULT NULL,
  `status` tinyint(1) unsigned DEFAULT '1' COMMENT '1 = 正常 2 = 停用',
  `pid` int(10) unsigned NOT NULL DEFAULT '0' COMMENT '推荐人',
  `isdel` bigint(12) unsigned DEFAULT NULL COMMENT '删除标志 有数据就是删除'
) ENGINE=InnoDB AUTO_INCREMENT=3 DEFAULT CHARSET=utf8mb4 COMMENT='用户表';

INSERT INTO `user` (`id`, `username`, `password`, `mobile`, `sex`, `birthday`, `avatar`, `nickname`, `balance`, `point`, `ctime`, `utime`, `status`, `pid`, `isdel`) VALUES
  (1, NULL, NULL, '15237211882', 3, NULL, '/static/images/default.png', NULL, '0.00', 0, 1537865655, 1537934810, 1, 0, NULL),
  (2, NULL, '6beece40d9ea3c1ceca785a9f94e98ba', '13233214433', 3, NULL, 'https://b2c.jihainet.com/static/uploads/b4/10/f7/5bab3d8e8847e.jpg', '13233****33', '0.00', 0, 1537949060, 1537949070, 1, 0, NULL);

DROP TABLE IF EXISTS `user_bankcards`;
CREATE TABLE IF NOT EXISTS `user_bankcards` (
  `id` int(10) unsigned NOT NULL COMMENT 'ID号',
  `user_id` int(10) unsigned DEFAULT NULL COMMENT '用户ID',
  `bank_name` varchar(60) DEFAULT NULL COMMENT '银行名称',
  `bank_code` varchar(12) DEFAULT NULL COMMENT '银行缩写',
  `bank_area_id` int(10) unsigned DEFAULT NULL COMMENT '账号地区ID',
  `account_bank` varchar(255) DEFAULT NULL COMMENT '开户行',
  `account_name` varchar(60) DEFAULT NULL COMMENT '账户名',
  `card_number` varchar(30) DEFAULT NULL COMMENT '卡号',
  `card_type` tinyint(1) DEFAULT '1' COMMENT '银行卡类型: 1=储蓄卡 2=信用卡',
  `is_default` tinyint(1) unsigned DEFAULT '2' COMMENT '默认卡 1=默认 2=不默认',
  `ctime` bigint(12) unsigned DEFAULT NULL COMMENT '创建时间',
  `utime` bigint(12) unsigned DEFAULT NULL COMMENT '更新时间'
) ENGINE=InnoDB DEFAULT CHARSET=utf8mb4;

DROP TABLE IF EXISTS `user_log`;
CREATE TABLE IF NOT EXISTS `user_log` (
  `id` int(11) unsigned NOT NULL COMMENT 'id',
  `user_id` int(11) unsigned NOT NULL COMMENT '用户id',
  `state` tinyint(1) DEFAULT NULL COMMENT '登录 1  退出2,3注册',
  `ctime` bigint(12) unsigned DEFAULT NULL COMMENT '时间',
  `params` varchar(200) DEFAULT '' COMMENT '参数',
  `ip` varchar(15) DEFAULT NULL COMMENT 'ip地址'
) ENGINE=InnoDB AUTO_INCREMENT=9 DEFAULT CHARSET=utf8mb4;

INSERT INTO `user_log` (`id`, `user_id`, `state`, `ctime`, `params`, `ip`) VALUES
  (1, 1, 1, 1537865655, '[]', '223.88.55.117'),
  (2, 2, 1, 1537949060, '[]', '223.88.55.117'),
  (3, 2, 1, 1537949298, '[]', '218.26.55.173'),
  (4, 1, 1, 1537949533, '[]', '117.136.104.195'),
  (5, 2, 1, 1537949950, '[]', '223.88.55.117'),
  (6, 2, 1, 1537950684, '[]', '218.26.55.173'),
  (7, 1, 1, 1537953183, '[]', '223.88.55.117'),
  (8, 2, 1, 1538985271, '[]', '223.88.55.164');

DROP TABLE IF EXISTS `user_point_log`;
CREATE TABLE IF NOT EXISTS `user_point_log` (
  `id` int(10) unsigned NOT NULL COMMENT 'ID',
  `user_id` int(10) unsigned NOT NULL COMMENT '用户ID',
  `type` tinyint(1) unsigned DEFAULT '1' COMMENT '类型 1=签到 2=购物返积分 3=购物使用积分',
  `num` int(10) DEFAULT '0' COMMENT '积分数量',
  `balance` bigint(20) unsigned DEFAULT NULL COMMENT '积分余额',
  `remarks` varchar(255) DEFAULT NULL COMMENT '备注',
  `ctime` bigint(12) unsigned DEFAULT NULL COMMENT '创建时间'
) ENGINE=InnoDB DEFAULT CHARSET=utf8mb4 COMMENT='用户积分记录表';

DROP TABLE IF EXISTS `user_ship`;
CREATE TABLE IF NOT EXISTS `user_ship` (
  `id` int(10) unsigned NOT NULL,
  `user_id` int(10) unsigned DEFAULT NULL COMMENT '用户id 关联user.id',
  `area_id` int(10) unsigned DEFAULT NULL COMMENT '收货地区ID',
  `address` varchar(200) DEFAULT NULL COMMENT '收货详细地址',
  `name` varchar(50) DEFAULT NULL COMMENT '收货人姓名',
  `mobile` char(15) DEFAULT NULL COMMENT '收货电话',
  `utime` bigint(12) NOT NULL COMMENT '更新时间',
  `is_def` tinyint(1) unsigned DEFAULT NULL COMMENT '是否默认 1=默认 2=不默认'
) ENGINE=InnoDB AUTO_INCREMENT=3 DEFAULT CHARSET=utf8mb4;

INSERT INTO `user_ship` (`id`, `user_id`, `area_id`, `address`, `name`, `mobile`, `utime`, `is_def`) VALUES
  (1, 1, 440105, '新港中路397号', '张三', '020-81167888', 1537866053, 1),
  (2, 2, 110101, '测试地址', '周天宇', '13233214433', 1537949101, 1);

DROP TABLE IF EXISTS `user_tocash`;
CREATE TABLE IF NOT EXISTS `user_tocash` (
  `id` int(10) unsigned NOT NULL COMMENT 'ID号',
  `user_id` int(10) unsigned DEFAULT NULL COMMENT '用户ID',
  `money` decimal(8,2) unsigned NOT NULL DEFAULT '0.00' COMMENT '提现金额',
  `bank_name` varchar(60) DEFAULT NULL COMMENT '银行名称',
  `bank_area_id` int(10) unsigned DEFAULT NULL COMMENT '账号地区ID',
  `account_bank` varchar(255) DEFAULT NULL COMMENT '开户行',
  `account_name` varchar(60) DEFAULT NULL COMMENT '账户名',
  `card_number` varchar(30) DEFAULT NULL COMMENT '卡号',
  `type` smallint(1) unsigned NOT NULL DEFAULT '1' COMMENT '1默认，2提现成功，3提现失败',
  `ctime` bigint(12) unsigned DEFAULT NULL COMMENT '创建时间',
  `utime` bigint(12) unsigned DEFAULT NULL COMMENT '更新时间'
) ENGINE=InnoDB DEFAULT CHARSET=utf8mb4;

DROP TABLE IF EXISTS `user_token`;
CREATE TABLE IF NOT EXISTS `user_token` (
  `token` char(32) NOT NULL,
  `user_id` int(10) unsigned NOT NULL,
  `platform` smallint(2) NOT NULL DEFAULT '1' COMMENT '平台类型，1就是默认，2就是微信小程序',
  `ctime` bigint(12) unsigned NOT NULL
) ENGINE=InnoDB DEFAULT CHARSET=utf8mb4 COMMENT='用户token';

INSERT INTO `user_token` (`token`, `user_id`, `platform`, `ctime`) VALUES
  ('2b38b390c5f4eee8e0919122aa1579d3', 2, 1, 1538985271),
  ('4f78e86c436a34684693c16ec3d381f5', 1, 2, 1537934810),
  ('7f98fa567f098a6353f3be8053370a1c', 1, 1, 1537953183);

DROP TABLE IF EXISTS `user_wx`;
CREATE TABLE IF NOT EXISTS `user_wx` (
  `id` int(10) unsigned NOT NULL COMMENT '用户ID',
  `user_id` int(10) unsigned NOT NULL DEFAULT '0' COMMENT '关联用户表',
  `openid` varchar(50) NOT NULL,
  `session_key` varchar(50) NOT NULL,
  `unionid` varchar(50) NOT NULL,
  `avatar` varchar(255) DEFAULT NULL COMMENT '头像',
  `nickname` varchar(50) DEFAULT NULL COMMENT '昵称',
  `gender` smallint(1) unsigned NOT NULL COMMENT '性别 0：未知、1：男、2：女',
  `language` varchar(50) NOT NULL COMMENT '语言',
  `city` varchar(80) NOT NULL COMMENT '城市',
  `province` varchar(80) NOT NULL COMMENT '省',
  `country` varchar(80) NOT NULL COMMENT '国家',
  `country_code` varchar(20) NOT NULL COMMENT '手机号码国家编码',
  `mobile` varchar(20) NOT NULL COMMENT '手机号码',
  `ctime` bigint(12) unsigned DEFAULT NULL,
  `utime` bigint(12) unsigned DEFAULT NULL
) ENGINE=InnoDB AUTO_INCREMENT=2 DEFAULT CHARSET=utf8mb4 COMMENT='用户表';

INSERT INTO `user_wx` (`id`, `user_id`, `openid`, `session_key`, `unionid`, `avatar`, `nickname`, `gender`, `language`, `city`, `province`, `country`, `country_code`, `mobile`, `ctime`, `utime`) VALUES
  (1, 1, 'otdEl0Uz_TYsgWYHLiDtyxkpqmrU', 'WefLZfi13TuREFRcOCeAww==', '', NULL, NULL, 0, '', '', '', '', '86', '15237211882', 1537934803, 1537934810);

DROP TABLE IF EXISTS `weixin_author`;
CREATE TABLE IF NOT EXISTS `weixin_author` (
  `id` int(10) NOT NULL,
  `nick_name` varchar(255) DEFAULT NULL COMMENT '授权方昵称',
  `head_img` varchar(255) DEFAULT NULL COMMENT '授权方头像',
  `service_type_info` varchar(10) DEFAULT '0' COMMENT '默认为0',
  `verify_type_info` tinyint(1) DEFAULT '-1' COMMENT '授权方认证类型，-1代表未认证，0代表微信认证',
  `user_name` varchar(200) DEFAULT NULL COMMENT '小程序的原始ID',
  `signature` tinytext COMMENT '帐号介绍',
  `principal_name` varchar(255) DEFAULT NULL COMMENT '小程序的主体名称',
  `business_info` text COMMENT '用以了解以下功能的开通状况（0代表未开通，1代表已开通）： open_store:是否开通微信门店功能 open_scan:是否开通微信扫商品功能 open_pay:是否开通微信支付功能 open_card:是否开通微信卡券功能 open_shake:是否开通微信摇一摇功能',
  `qrcode_url` varchar(255) DEFAULT NULL COMMENT '二维码图片的URL',
  `authorization_info` text COMMENT '授权信息',
  `appid` varchar(255) DEFAULT NULL COMMENT '授权方appid',
  `appsecret` varchar(100) DEFAULT NULL COMMENT '授权方AppSecret',
  `miniprograminfo` tinytext COMMENT '可根据这个字段判断是否为小程序类型授权,有值为小程序',
  `func_info` text COMMENT '小程序授权给开发者的权限集列表，ID为17到19时分别代表： 17.帐号管理权限 18.开发管理权限 19.客服消息管理权限 请注意： 1）该字段的返回不会考虑小程序是否具备该权限集的权限（因为可能部分具备）',
  `authorizer_refresh_token` varchar(200) DEFAULT NULL COMMENT '刷新token',
  `authorizer_access_token` varchar(200) DEFAULT NULL COMMENT 'token',
  `bind_type` tinyint(1) unsigned DEFAULT '2' COMMENT '绑定类型，1为第三方授权绑定，2为自助绑定',
  `author_type` varchar(10) DEFAULT 'b2c' COMMENT '授权类型，默认b2c',
  `expires_in` int(10) unsigned DEFAULT '0' COMMENT '绑定授权到期时间',
  `ctime` int(10) unsigned DEFAULT '0' COMMENT '小程序授权时间',
  `utime` int(10) unsigned DEFAULT '0' COMMENT '小程序更新时间'
) ENGINE=InnoDB DEFAULT CHARSET=utf8 COMMENT='获取授权方的帐号基本信息表';

DROP TABLE IF EXISTS `weixin_publish`;
CREATE TABLE IF NOT EXISTS `weixin_publish` (
  `id` int(10) unsigned NOT NULL,
  `template_id` int(10) unsigned DEFAULT '0' COMMENT '模板id，不是第三方平台模板id',
  `ctime` int(10) unsigned DEFAULT '0' COMMENT '购买模板时间',
  `audit_status` tinyint(1) DEFAULT NULL COMMENT '审核状态，其中0为审核成功，1为审核失败，2为审核中,-1为未提交审核',
  `reason` text COMMENT '审核反馈',
  `publish_status` tinyint(1) DEFAULT '0' COMMENT '发布状态，0未发布，1已发布，2发布成功，3发布失败',
  `publish_msg` text COMMENT '发布反馈',
  `auditid` varchar(50) DEFAULT NULL COMMENT '审核id',
  `ext_json` text COMMENT '第三方自定义的json',
  `user_version` varchar(50) DEFAULT '' COMMENT '代码版本号',
  `user_desc` varchar(200) DEFAULT NULL COMMENT '代码描述',
  `appid` varchar(100) DEFAULT NULL COMMENT '授权appid',
  `qrcode` varchar(255) DEFAULT NULL COMMENT '预览二维码'
) ENGINE=InnoDB DEFAULT CHARSET=utf8 COMMENT='小程序发布审核表';

DROP TABLE IF EXISTS `worksheet`;
CREATE TABLE IF NOT EXISTS `worksheet` (
  `id` int(11) NOT NULL,
  `phone` char(11) NOT NULL,
  `status` char(10) NOT NULL DEFAULT '未处理',
  `job_num` varchar(20) NOT NULL COMMENT '工单号',
  `create_time` int(11) NOT NULL COMMENT '提交时间',
  `type` char(10) NOT NULL,
  `title` varchar(20) NOT NULL,
  `content` varchar(255) NOT NULL
) ENGINE=InnoDB AUTO_INCREMENT=2 DEFAULT CHARSET=utf8;

DROP TABLE IF EXISTS `wsdetail`;
CREATE TABLE IF NOT EXISTS `wsdetail` (
  `id` int(11) NOT NULL,
  `job_num` char(20) NOT NULL,
  `event` text NOT NULL,
  `create_time` int(11) NOT NULL,
  `pic_path` varchar(255) NOT NULL
) ENGINE=InnoDB AUTO_INCREMENT=6 DEFAULT CHARSET=utf8;


ALTER TABLE `addons`
  ADD PRIMARY KEY (`id`);

ALTER TABLE `advertisement`
  ADD PRIMARY KEY (`id`),
  ADD KEY `id` (`id`),
  ADD KEY `seller_id` (`seller_id`),
  ADD KEY `position_id` (`position_id`),
  ADD KEY `sort` (`sort`);

ALTER TABLE `advert_position`
  ADD PRIMARY KEY (`id`);

ALTER TABLE `article`
  ADD PRIMARY KEY (`id`),
  ADD KEY `isdel` (`isdel`);

ALTER TABLE `article_type`
  ADD PRIMARY KEY (`id`);

ALTER TABLE `backstage_notice`
  ADD PRIMARY KEY (`id`);

ALTER TABLE `balance`
  ADD PRIMARY KEY (`id`);

ALTER TABLE `bill_aftersales`
  ADD PRIMARY KEY (`aftersales_id`);

ALTER TABLE `bill_aftersales_images`
  ADD KEY `aftersales_id` (`aftersales_id`);

ALTER TABLE `bill_aftersales_items`
  ADD PRIMARY KEY (`id`);

ALTER TABLE `bill_delivery`
  ADD PRIMARY KEY (`delivery_id`);

ALTER TABLE `bill_delivery_items`
  ADD PRIMARY KEY (`id`),
  ADD KEY `id` (`id`);

ALTER TABLE `bill_payments`
  ADD PRIMARY KEY (`payment_id`),
  ADD KEY `payment_id` (`payment_id`),
  ADD KEY `status` (`status`),
  ADD KEY `type` (`type`);

ALTER TABLE `bill_payments_rel`
  ADD KEY `payment_id` (`payment_id`);

ALTER TABLE `bill_refund`
  ADD PRIMARY KEY (`refund_id`),
  ADD KEY `refund_id` (`refund_id`),
  ADD KEY `aftersales_id` (`aftersales_id`),
  ADD KEY `type` (`type`);

ALTER TABLE `bill_reship`
  ADD PRIMARY KEY (`reship_id`);

ALTER TABLE `bill_reship_items`
  ADD PRIMARY KEY (`id`),
  ADD KEY `reship_id` (`reship_id`),
  ADD KEY `id` (`id`);

ALTER TABLE `brand`
  ADD PRIMARY KEY (`id`),
  ADD KEY `id` (`id`),
  ADD KEY `sort` (`sort`),
  ADD KEY `isdel` (`isdel`);

ALTER TABLE `cart`
  ADD PRIMARY KEY (`id`),
  ADD KEY `user_id` (`user_id`);

ALTER TABLE `coupon`
  ADD PRIMARY KEY (`coupon_code`);

ALTER TABLE `goods`
  ADD PRIMARY KEY (`id`),
  ADD KEY `isdel` (`isdel`),
  ADD KEY `is_hot` (`is_hot`),
  ADD KEY `is_recommend` (`is_recommend`),
  ADD KEY `sort` (`sort`),
  ADD KEY `mktprice` (`mktprice`);

ALTER TABLE `goods_browsing`
  ADD PRIMARY KEY (`id`),
  ADD KEY `user_id` (`user_id`),
  ADD KEY `isdel` (`isdel`);

ALTER TABLE `goods_cat`
  ADD PRIMARY KEY (`id`),
  ADD KEY `id` (`id`),
  ADD KEY `seller_id` (`parent_id`);

ALTER TABLE `goods_collection`
  ADD PRIMARY KEY (`id`),
  ADD KEY `user_id` (`user_id`),
  ADD KEY `goods_id` (`goods_id`);

ALTER TABLE `goods_comment`
  ADD PRIMARY KEY (`id`),
  ADD KEY `user_id` (`user_id`),
  ADD KEY `display` (`display`),
  ADD KEY `goods_id` (`goods_id`);

ALTER TABLE `goods_images`
  ADD KEY `goods_id` (`goods_id`);

ALTER TABLE `goods_params`
  ADD PRIMARY KEY (`id`);

ALTER TABLE `goods_type`
  ADD PRIMARY KEY (`id`),
  ADD KEY `id` (`id`);

ALTER TABLE `goods_type_spec`
  ADD PRIMARY KEY (`id`),
  ADD KEY `sort` (`sort`);

ALTER TABLE `goods_type_spec_value`
  ADD PRIMARY KEY (`id`),
  ADD KEY `spec_id` (`spec_id`),
  ADD KEY `sort` (`sort`);

ALTER TABLE `hooks`
  ADD PRIMARY KEY (`id`);

ALTER TABLE `ietask`
  ADD PRIMARY KEY (`id`);

ALTER TABLE `images`
  ADD PRIMARY KEY (`id`),
  ADD UNIQUE KEY `id` (`id`),
  ADD KEY `id_2` (`id`),
  ADD KEY `isdel` (`isdel`);

ALTER TABLE `jobs`
  ADD PRIMARY KEY (`id`);

ALTER TABLE `label`
  ADD PRIMARY KEY (`id`);

ALTER TABLE `login_log`
  ADD PRIMARY KEY (`id`);

ALTER TABLE `logistics`
  ADD PRIMARY KEY (`id`),
  ADD UNIQUE KEY `logi_code` (`logi_code`),
  ADD KEY `sort` (`sort`);

ALTER TABLE `manage`
  ADD PRIMARY KEY (`id`),
  ADD UNIQUE KEY `username` (`username`);

ALTER TABLE `manage_role`
  ADD PRIMARY KEY (`id`),
  ADD KEY `id` (`id`);

ALTER TABLE `message`
  ADD PRIMARY KEY (`id`),
  ADD KEY `user_id` (`user_id`);

ALTER TABLE `message_center`
  ADD PRIMARY KEY (`id`);

ALTER TABLE `notice`
  ADD PRIMARY KEY (`id`),
  ADD KEY `isdel` (`isdel`),
  ADD KEY `sort` (`sort`);

ALTER TABLE `operation`
  ADD PRIMARY KEY (`id`),
  ADD KEY `parent_id` (`parent_id`),
  ADD KEY `id` (`id`),
  ADD KEY `parent_menu_id` (`parent_menu_id`),
  ADD KEY `sort` (`sort`);

ALTER TABLE `operation_log`
  ADD PRIMARY KEY (`id`);

ALTER TABLE `order`
  ADD PRIMARY KEY (`order_id`);

ALTER TABLE `order_items`
  ADD PRIMARY KEY (`id`);

ALTER TABLE `order_log`
  ADD PRIMARY KEY (`id`);

ALTER TABLE `payments`
  ADD PRIMARY KEY (`id`),
  ADD KEY `status` (`status`),
  ADD KEY `id` (`id`);

ALTER TABLE `products`
  ADD PRIMARY KEY (`id`),
  ADD KEY `isdel` (`isdel`),
  ADD KEY `goods_id` (`goods_id`),
  ADD KEY `id` (`id`);

ALTER TABLE `promotion`
  ADD PRIMARY KEY (`id`),
  ADD KEY `isdel` (`isdel`),
  ADD KEY `sort` (`sort`),
  ADD KEY `status` (`status`),
  ADD KEY `id` (`id`);

ALTER TABLE `promotion_condition`
  ADD PRIMARY KEY (`id`),
  ADD KEY `promotion_id` (`promotion_id`);

ALTER TABLE `promotion_result`
  ADD PRIMARY KEY (`id`),
  ADD KEY `promotion_id` (`promotion_id`);

ALTER TABLE `role`
  ADD PRIMARY KEY (`id`),
  ADD KEY `id` (`id`);

ALTER TABLE `setting`
  ADD PRIMARY KEY (`skey`),
  ADD KEY `skey` (`skey`);

ALTER TABLE `ship`
  ADD PRIMARY KEY (`id`),
  ADD KEY `id` (`id`),
  ADD KEY `sort` (`sort`),
  ADD KEY `sort_2` (`sort`);

ALTER TABLE `sms`
  ADD PRIMARY KEY (`id`),
  ADD KEY `mobile` (`mobile`),
  ADD KEY `status` (`status`);

ALTER TABLE `store`
  ADD PRIMARY KEY (`id`);

ALTER TABLE `template`
  ADD PRIMARY KEY (`id`);

ALTER TABLE `template_order`
  ADD PRIMARY KEY (`id`);

ALTER TABLE `user`
  ADD PRIMARY KEY (`id`);

ALTER TABLE `user_bankcards`
  ADD PRIMARY KEY (`id`);

ALTER TABLE `user_log`
  ADD PRIMARY KEY (`id`);

ALTER TABLE `user_point_log`
  ADD PRIMARY KEY (`id`);

ALTER TABLE `user_ship`
  ADD PRIMARY KEY (`id`);

ALTER TABLE `user_tocash`
  ADD PRIMARY KEY (`id`);

ALTER TABLE `user_token`
  ADD PRIMARY KEY (`token`);

ALTER TABLE `user_wx`
  ADD PRIMARY KEY (`id`);

ALTER TABLE `weixin_author`
  ADD PRIMARY KEY (`id`);

ALTER TABLE `weixin_publish`
  ADD PRIMARY KEY (`id`);

ALTER TABLE `worksheet`
  ADD PRIMARY KEY (`id`);

ALTER TABLE `wsdetail`
  ADD PRIMARY KEY (`id`);


ALTER TABLE `addons`
  MODIFY `id` int(10) unsigned NOT NULL AUTO_INCREMENT COMMENT '主键',AUTO_INCREMENT=5;
ALTER TABLE `advertisement`
  MODIFY `id` int(10) unsigned NOT NULL AUTO_INCREMENT;
ALTER TABLE `advert_position`
  MODIFY `id` int(11) unsigned NOT NULL AUTO_INCREMENT;
ALTER TABLE `article`
  MODIFY `id` int(11) unsigned NOT NULL AUTO_INCREMENT;
ALTER TABLE `article_type`
  MODIFY `id` int(11) unsigned NOT NULL AUTO_INCREMENT;
ALTER TABLE `backstage_notice`
  MODIFY `id` int(11) unsigned NOT NULL AUTO_INCREMENT;
ALTER TABLE `balance`
  MODIFY `id` int(10) unsigned NOT NULL AUTO_INCREMENT;
ALTER TABLE `bill_aftersales_items`
  MODIFY `id` int(10) unsigned NOT NULL AUTO_INCREMENT;
ALTER TABLE `bill_delivery_items`
  MODIFY `id` int(10) unsigned NOT NULL AUTO_INCREMENT,AUTO_INCREMENT=5;
ALTER TABLE `bill_reship_items`
  MODIFY `id` int(10) unsigned NOT NULL AUTO_INCREMENT;
ALTER TABLE `brand`
  MODIFY `id` int(10) unsigned NOT NULL AUTO_INCREMENT COMMENT '品牌ID',AUTO_INCREMENT=16;
ALTER TABLE `cart`
  MODIFY `id` int(10) unsigned NOT NULL AUTO_INCREMENT,AUTO_INCREMENT=15;
ALTER TABLE `goods`
  MODIFY `id` int(10) unsigned NOT NULL AUTO_INCREMENT COMMENT '商品ID',AUTO_INCREMENT=2;
ALTER TABLE `goods_browsing`
  MODIFY `id` int(10) unsigned NOT NULL AUTO_INCREMENT COMMENT 'ID',AUTO_INCREMENT=17;
ALTER TABLE `goods_cat`
  MODIFY `id` int(10) unsigned NOT NULL AUTO_INCREMENT,AUTO_INCREMENT=22;
ALTER TABLE `goods_collection`
  MODIFY `id` int(10) unsigned NOT NULL AUTO_INCREMENT COMMENT 'ID';
ALTER TABLE `goods_comment`
  MODIFY `id` int(10) unsigned NOT NULL AUTO_INCREMENT,AUTO_INCREMENT=4;
ALTER TABLE `goods_params`
  MODIFY `id` int(10) NOT NULL AUTO_INCREMENT,AUTO_INCREMENT=2;
ALTER TABLE `goods_type`
  MODIFY `id` int(10) unsigned NOT NULL AUTO_INCREMENT,AUTO_INCREMENT=2;
ALTER TABLE `goods_type_spec`
  MODIFY `id` int(10) unsigned NOT NULL AUTO_INCREMENT,AUTO_INCREMENT=3;
ALTER TABLE `goods_type_spec_value`
  MODIFY `id` int(10) unsigned NOT NULL AUTO_INCREMENT,AUTO_INCREMENT=19;
ALTER TABLE `hooks`
  MODIFY `id` int(10) NOT NULL AUTO_INCREMENT,AUTO_INCREMENT=4;
ALTER TABLE `ietask`
  MODIFY `id` int(10) unsigned NOT NULL AUTO_INCREMENT;
ALTER TABLE `jobs`
  MODIFY `id` int(11) NOT NULL AUTO_INCREMENT;
ALTER TABLE `label`
  MODIFY `id` int(10) NOT NULL AUTO_INCREMENT,AUTO_INCREMENT=5;
ALTER TABLE `login_log`
  MODIFY `id` int(11) unsigned NOT NULL AUTO_INCREMENT COMMENT 'id';
ALTER TABLE `logistics`
  MODIFY `id` int(10) unsigned NOT NULL AUTO_INCREMENT,AUTO_INCREMENT=28;
ALTER TABLE `manage`
  MODIFY `id` int(10) unsigned NOT NULL AUTO_INCREMENT COMMENT '用户ID',AUTO_INCREMENT=14;
ALTER TABLE `manage_role`
  MODIFY `id` int(10) unsigned NOT NULL AUTO_INCREMENT,AUTO_INCREMENT=5;
ALTER TABLE `message`
  MODIFY `id` int(10) unsigned NOT NULL AUTO_INCREMENT,AUTO_INCREMENT=13;
ALTER TABLE `message_center`
  MODIFY `id` int(11) unsigned NOT NULL AUTO_INCREMENT;
ALTER TABLE `notice`
  MODIFY `id` int(11) unsigned NOT NULL AUTO_INCREMENT;
ALTER TABLE `operation`
  MODIFY `id` int(10) unsigned NOT NULL AUTO_INCREMENT,AUTO_INCREMENT=479;
ALTER TABLE `operation_log`
  MODIFY `id` int(10) unsigned NOT NULL AUTO_INCREMENT;
ALTER TABLE `order_items`
  MODIFY `id` int(10) unsigned NOT NULL AUTO_INCREMENT,AUTO_INCREMENT=11;
ALTER TABLE `order_log`
  MODIFY `id` int(10) unsigned NOT NULL AUTO_INCREMENT COMMENT 'ID',AUTO_INCREMENT=29;
ALTER TABLE `payments`
  MODIFY `id` smallint(5) unsigned NOT NULL AUTO_INCREMENT,AUTO_INCREMENT=4;
ALTER TABLE `products`
  MODIFY `id` int(10) unsigned NOT NULL AUTO_INCREMENT COMMENT '货品ID',AUTO_INCREMENT=23;
ALTER TABLE `promotion`
  MODIFY `id` int(10) unsigned NOT NULL AUTO_INCREMENT;
ALTER TABLE `promotion_condition`
  MODIFY `id` int(11) NOT NULL AUTO_INCREMENT,AUTO_INCREMENT=10016;
ALTER TABLE `promotion_result`
  MODIFY `id` int(11) NOT NULL AUTO_INCREMENT,AUTO_INCREMENT=10011;
ALTER TABLE `role`
  MODIFY `id` int(10) unsigned NOT NULL AUTO_INCREMENT;
ALTER TABLE `ship`
  MODIFY `id` int(11) unsigned NOT NULL AUTO_INCREMENT,AUTO_INCREMENT=10001;
ALTER TABLE `sms`
  MODIFY `id` int(10) unsigned NOT NULL AUTO_INCREMENT,AUTO_INCREMENT=5;
ALTER TABLE `store`
  MODIFY `id` int(11) unsigned NOT NULL AUTO_INCREMENT COMMENT 'id',AUTO_INCREMENT=5;
ALTER TABLE `template`
  MODIFY `id` int(10) NOT NULL AUTO_INCREMENT,AUTO_INCREMENT=2;
ALTER TABLE `template_order`
  MODIFY `id` int(10) NOT NULL AUTO_INCREMENT,AUTO_INCREMENT=4;
ALTER TABLE `user`
  MODIFY `id` int(10) unsigned NOT NULL AUTO_INCREMENT COMMENT '用户ID',AUTO_INCREMENT=3;
ALTER TABLE `user_bankcards`
  MODIFY `id` int(10) unsigned NOT NULL AUTO_INCREMENT COMMENT 'ID号';
ALTER TABLE `user_log`
  MODIFY `id` int(11) unsigned NOT NULL AUTO_INCREMENT COMMENT 'id',AUTO_INCREMENT=9;
ALTER TABLE `user_point_log`
  MODIFY `id` int(10) unsigned NOT NULL AUTO_INCREMENT COMMENT 'ID';
ALTER TABLE `user_ship`
  MODIFY `id` int(10) unsigned NOT NULL AUTO_INCREMENT,AUTO_INCREMENT=3;
ALTER TABLE `user_tocash`
  MODIFY `id` int(10) unsigned NOT NULL AUTO_INCREMENT COMMENT 'ID号';
ALTER TABLE `user_wx`
  MODIFY `id` int(10) unsigned NOT NULL AUTO_INCREMENT COMMENT '用户ID',AUTO_INCREMENT=2;
ALTER TABLE `weixin_author`
  MODIFY `id` int(10) NOT NULL AUTO_INCREMENT;
ALTER TABLE `weixin_publish`
  MODIFY `id` int(10) unsigned NOT NULL AUTO_INCREMENT;
ALTER TABLE `worksheet`
  MODIFY `id` int(11) NOT NULL AUTO_INCREMENT,AUTO_INCREMENT=2;
ALTER TABLE `wsdetail`
  MODIFY `id` int(11) NOT NULL AUTO_INCREMENT,AUTO_INCREMENT=6;
/*!40101 SET CHARACTER_SET_CLIENT=@OLD_CHARACTER_SET_CLIENT */;
/*!40101 SET CHARACTER_SET_RESULTS=@OLD_CHARACTER_SET_RESULTS */;
/*!40101 SET COLLATION_CONNECTION=@OLD_COLLATION_CONNECTION */;
