{
    "data": [{
        "cls": "icon-xiangxia1",
        "uncode": "e771"
    },
    {
        "cls": "icon-xiangyou",
        "uncode": "e78f"
    },
    {
        "cls": "icon-jian",
        "uncode": "e656"
    },
    {
        "cls": "icon-jia",
        "uncode": "e657"
    },
    {
        "cls": "icon-weibiaoti5",
        "uncode": "e618"
    },
    {
        "cls": "icon-wenjianjiazhankai",
        "uncode": "e60e"
    },
    {
        "cls": "icon-dian",
        "uncode": "e7a5"
    },
    {
        "cls": "icon-yonghu",
        "uncode": "e603"
    },
    {
        "cls": "icon-fenzhijigou",
        "uncode": "e658"
    },
    {
        "cls": "icon-fenguangbaobiao",
        "uncode": "e655"
    },
    {
        "cls": "icon-xinxipilu",
        "uncode": "e620"
    },
    {
        "cls": "icon-shuye1",
        "uncode": "e61e"
    },
    {
        "cls": "icon-caidan_xunzhang",
        "uncode": "e68e"
    },
    {
        "cls": "icon-normal-file",
        "uncode": "e60c"
    },
    {
        "cls": "icon-roundclose",
        "uncode": "e65c"
    },
    {
        "cls": "icon-bianji",
        "uncode": "e602"
    },
    {
        "cls": "icon-roundadd",
        "uncode": "e6d9"
    },
    {
        "cls": "icon-fuxuankuangxuanzhong",
        "uncode": "e652"
    },
    {
        "cls": "icon-fuxuankuang",
        "uncode": "e6f2"
    },
    {
        "cls": "icon-fuxuankuang-banxuan",
        "uncode": "e607"
    },
    {
        "cls": "icon-search_list_light",
        "uncode": "e807"
    },
    {
        "cls": "icon-move-up",
        "uncode": "ea47"
    },
    {
        "cls": "icon-move-down",
        "uncode": "ea48"
    },
    {
        "cls": "icon-delete1",
        "uncode": "e640"
    },
    {
        "cls": "icon-refresh",
        "uncode": "e6a4"
    },
    {
        "cls": "icon-jian1",
        "uncode": "e600"
    },
    {
        "cls": "icon-jia1",
        "uncode": "e601"
    },
    {
        "cls": "icon-shijian",
        "uncode": "e606"
    },
    {
        "cls": "icon-check",
        "uncode": "e645"
    },
    {
        "cls": "icon-close",
        "uncode": "e646"
    },
    {
        "cls": "icon-favorfill",
        "uncode": "e64b"
    },
    {
        "cls": "icon-favor",
        "uncode": "e64c"
    },
    {
        "cls": "icon-roundcheckfill",
        "uncode": "e659"
    },
    {
        "cls": "icon-roundcheck",
        "uncode": "e65a"
    },
    {
        "cls": "icon-roundclosefill",
        "uncode": "e65b"
    },
    {
        "cls": "icon-roundrightfill",
        "uncode": "e65d"
    },
    {
        "cls": "icon-roundright",
        "uncode": "e65e"
    },
    {
        "cls": "icon-samefill",
        "uncode": "e671"
    },
    {
        "cls": "icon-same",
        "uncode": "e672"
    },
    {
        "cls": "icon-pulldown",
        "uncode": "e6a0"
    },
    {
        "cls": "icon-pullup",
        "uncode": "e6a1"
    },
    {
        "cls": "icon-qrcode1",
        "uncode": "e6b0"
    },
    {
        "cls": "icon-profile1",
        "uncode": "e6b7"
    },
    {
        "cls": "icon-home1",
        "uncode": "e6b8"
    },
    {
        "cls": "icon-homefill",
        "uncode": "e6bb"
    },
    {
        "cls": "icon-roundaddfill",
        "uncode": "e6d8"
    },
    {
        "cls": "icon-wefill",
        "uncode": "e6f5"
    },
    {
        "cls": "icon-sort",
        "uncode": "e701"
    },
    {
        "cls": "icon-round_list_light",
        "uncode": "e82b"
    },
    {
        "cls": "icon-search2",
        "uncode": "e615"
    },
    {
        "cls": "icon-set-sm",
        "uncode": "e621"
    },
    {
        "cls": "icon-close1",
        "uncode": "1006"
    },
    {
        "cls": "icon-close-fill",
        "uncode": "1007"
    },
    {
        "cls": "icon-chart-screen",
        "uncode": "e62a"
    },
    {
        "cls": "icon-star",
        "uncode": "e608"
    },
    {
        "cls": "icon-ok-circle",
        "uncode": "1005"
    },
    {
        "cls": "icon-add-circle",
        "uncode": "e61f"
    },
    {
        "cls": "icon-about",
        "uncode": "e623"
    },
    {
        "cls": "icon-circle1",
        "uncode": "e687"
    },
    {
        "cls": "icon-radio",
        "uncode": "e688"
    },
    {
        "cls": "icon-star-fill",
        "uncode": "e832"
    },
    {
        "cls": "icon-rate",
        "uncode": "e833"
    },
    {
        "cls": "icon-shujudaping",
        "uncode": "e742"
    },
    {
        "cls": "icon-share3",
        "uncode": "e641"
    },
    {
        "cls": "icon-youjian",
        "uncode": "e642"
    },
    {
        "cls": "icon-repair",
        "uncode": "e738"
    },
    {
        "cls": "icon-evaluate",
        "uncode": "e674"
    },
    {
        "cls": "icon-like",
        "uncode": "e66c"
    },
    {
        "cls": "icon-layim-theme",
        "uncode": "e61b"
    },
    {
        "cls": "icon-xiangmuxiaoxi",
        "uncode": "e60f"
    }
    ]
}