{
    "data": [{
        "cls": "dtree-icon-xiangxia1",
        "uncode": "e771"
    },
    {
        "cls": "dtree-icon-xiangyou",
        "uncode": "e78f"
    },
    {
        "cls": "dtree-icon-jian",
        "uncode": "e656"
    },
    {
        "cls": "dtree-icon-jia",
        "uncode": "e657"
    },
    {
        "cls": "dtree-icon-weibiaoti5",
        "uncode": "e618"
    },
    {
        "cls": "dtree-icon-wenjianjiazhankai",
        "uncode": "e60e"
    },
    {
        "cls": "dtree-icon-dian",
        "uncode": "e7a5"
    },
    {
        "cls": "dtree-icon-yonghu",
        "uncode": "e603"
    },
    {
        "cls": "dtree-icon-fenzhijigou",
        "uncode": "e658"
    },
    {
        "cls": "dtree-icon-fenguangbaobiao",
        "uncode": "e655"
    },
    {
        "cls": "dtree-icon-xinxipilu",
        "uncode": "e620"
    },
    {
        "cls": "dtree-icon-shuye1",
        "uncode": "e61e"
    },
    {
        "cls": "dtree-icon-caidan_xunzhang",
        "uncode": "e68e"
    },
    {
        "cls": "dtree-icon-normal-file",
        "uncode": "e60c"
    },
    {
        "cls": "dtree-icon-roundclose",
        "uncode": "e65c"
    },
    {
        "cls": "dtree-icon-bianji",
        "uncode": "e602"
    },
    {
        "cls": "dtree-icon-roundadd",
        "uncode": "e6d9"
    },
    {
        "cls": "dtree-icon-fuxuankuangxuanzhong",
        "uncode": "e652"
    },
    {
        "cls": "dtree-icon-fuxuankuang",
        "uncode": "e6f2"
    },
    {
        "cls": "dtree-icon-fuxuankuang-banxuan",
        "uncode": "e607"
    },
    {
        "cls": "dtree-icon-search_list_light",
        "uncode": "e807"
    },
    {
        "cls": "dtree-icon-move-up",
        "uncode": "ea47"
    },
    {
        "cls": "dtree-icon-move-down",
        "uncode": "ea48"
    },
    {
        "cls": "dtree-icon-delete1",
        "uncode": "e640"
    },
    {
        "cls": "dtree-icon-refresh",
        "uncode": "e6a4"
    },
    {
        "cls": "dtree-icon-roundcheckfill",
        "uncode": "e659"
    },
    {
        "cls": "dtree-icon-roundclosefill",
        "uncode": "e65b"
    },
    {
        "cls": "dtree-icon-roundcheck",
        "uncode": "e65a"
    },
    {
        "cls": "dtree-icon-pulldown",
        "uncode": "e6a0"
    },
    {
        "cls": "dtree-icon-pullup",
        "uncode": "e6a1"
    },
    {
        "cls": "dtree-icon-jian1",
        "uncode": "e600"
    },
    {
        "cls": "dtree-icon-jia1",
        "uncode": "e601"
    },
    {
        "cls": "dtree-icon-shijian",
        "uncode": "e606"
    },
    {
        "cls": "dtree-icon-check",
        "uncode": "e645"
    },
    {
        "cls": "dtree-icon-close",
        "uncode": "e646"
    },
    {
        "cls": "dtree-icon-favorfill",
        "uncode": "e64b"
    },
    {
        "cls": "dtree-icon-favor",
        "uncode": "e64c"
    },
    {
        "cls": "dtree-icon-roundrightfill",
        "uncode": "e65d"
    },
    {
        "cls": "dtree-icon-roundright",
        "uncode": "e65e"
    },
    {
        "cls": "dtree-icon-samefill",
        "uncode": "e671"
    },
    {
        "cls": "dtree-icon-same",
        "uncode": "e672"
    },
    {
        "cls": "dtree-icon-qrcode1",
        "uncode": "e6b0"
    },
    {
        "cls": "dtree-icon-profile1",
        "uncode": "e6b7"
    },
    {
        "cls": "dtree-icon-home1",
        "uncode": "e6b8"
    },
    {
        "cls": "dtree-icon-homefill",
        "uncode": "e6bb"
    },
    {
        "cls": "dtree-icon-roundaddfill",
        "uncode": "e6d8"
    },
    {
        "cls": "dtree-icon-wefill",
        "uncode": "e6f5"
    },
    {
        "cls": "dtree-icon-sort",
        "uncode": "e701"
    },
    {
        "cls": "dtree-icon-round_list_light",
        "uncode": "e82b"
    },
    {
        "cls": "dtree-icon-search2",
        "uncode": "e615"
    },
    {
        "cls": "dtree-icon-set-sm",
        "uncode": "e621"
    },
    {
        "cls": "dtree-icon-close1",
        "uncode": "1006"
    },
    {
        "cls": "dtree-icon-close-fill",
        "uncode": "1007"
    },
    {
        "cls": "dtree-icon-chart-screen",
        "uncode": "e62a"
    },
    {
        "cls": "dtree-icon-star",
        "uncode": "e608"
    },
    {
        "cls": "dtree-icon-ok-circle",
        "uncode": "1005"
    },
    {
        "cls": "dtree-icon-add-circle",
        "uncode": "e61f"
    },
    {
        "cls": "dtree-icon-about",
        "uncode": "e623"
    },
    {
        "cls": "dtree-icon-circle1",
        "uncode": "e687"
    },
    {
        "cls": "dtree-icon-radio",
        "uncode": "e688"
    },
    {
        "cls": "dtree-icon-star-fill",
        "uncode": "e832"
    },
    {
        "cls": "dtree-icon-rate",
        "uncode": "e833"
    },
    {
        "cls": "dtree-icon-shujudaping",
        "uncode": "e742"
    },
    {
        "cls": "dtree-icon-share3",
        "uncode": "e641"
    },
    {
        "cls": "dtree-icon-youjian",
        "uncode": "e642"
    },
    {
        "cls": "dtree-icon-repair",
        "uncode": "e738"
    },
    {
        "cls": "dtree-icon-evaluate",
        "uncode": "e674"
    },
    {
        "cls": "dtree-icon-like",
        "uncode": "e66c"
    },
    {
        "cls": "dtree-icon-layim-theme",
        "uncode": "e61b"
    },
    {
        "cls": "dtree-icon-xiangmuxiaoxi",
        "uncode": "e60f"
    }
    ]
}